faultBuildOperationQueue.java:105)
	at org.gradle.internal.operations.DefaultBuildOperationExecutor.executeInParallel(DefaultBuildOperationExecutor.java:106)
	at org.gradle.internal.operations.DefaultBuildOperationExecutor.runAll(DefaultBuildOperationExecutor.java:65)
	at org.gradle.api.internal.artifacts.ivyservice.resolveengine.artifact.ParallelResolveArtifactSet$VisitingSet.visit(ParallelResolveArtifactSet.java:66)
	... 115 more
Caused by: org.gradle.api.resources.ResourceException: Could not get resource 'https://repo.maven.apache.org/maven2/org/jetbrains/kotlinx/kotlinx-coroutines-android/1.7.3/kotlinx-coroutines-android-1.7.3.jar'.
	at org.gradle.internal.resource.ResourceExceptions.failure(ResourceExceptions.java:74)
	at org.gradle.internal.resource.ResourceExceptions.getFailed(ResourceExceptions.java:57)
	at org.gradle.api.internal.artifacts.repositories.resolver.DefaultExternalResourceArtifactResolver.downloadByUrl(DefaultExternalResourceArtifactResolver.java:114)
	at org.gradle.api.internal.artifacts.repositories.resolver.DefaultExternalResourceArtifactResolver.downloadStaticResource(DefaultExternalResourceArtifactResolver.java:92)
	at org.gradle.api.internal.artifacts.repositories.resolver.DefaultExternalResourceArtifactResolver.resolveArtifact(DefaultExternalResourceArtifactResolver.java:62)
	at org.gradle.api.internal.artifacts.repositories.resolver.ExternalResourceResolver$RemoteRepositoryAccess.resolveArtifact(ExternalResourceResolver.java:477)
	... 148 more
Caused by: org.gradle.internal.resource.transport.http.HttpErrorStatusCodeException: Could not GET 'https://repo.maven.apache.org/maven2/org/jetbrains/kotlinx/kotlinx-coroutines-android/1.7.3/kotlinx-coroutines-android-1.7.3.jar'. Received status code 429 from server: Too Many Requests
	at org.gradle.internal.resource.transport.http.HttpClientHelper.processResponse(HttpClientHelper.java:251)
	at org.gradle.internal.resource.transport.http.HttpClientHelper.performGet(HttpClientHelper.java:105)
	at org.gradle.internal.resource.transport.http.HttpResourceAccessor.openResource(HttpResourceAccessor.java:45)
	at org.gradle.internal.resource.transport.http.HttpResourceAccessor.openResource(HttpResourceAccessor.java:30)
	at org.gradle.internal.resource.transfer.AbstractExternalResourceAccessor.withContent(AbstractExternalResourceAccessor.java:32)
	at org.gradle.internal.resource.transfer.DefaultExternalResourceConnector.withContent(DefaultExternalResourceConnector.java:59)
	at org.gradle.internal.resource.transfer.ProgressLoggingExternalResourceAccessor$DownloadOperation.call(ProgressLoggingExternalResourceAccessor.java:123)
	at org.gradle.internal.operations.DefaultBuildOperationRunner$CallableBuildOperationWorker.execute(DefaultBuildOperationRunner.java:209)
	at org.gradle.internal.operations.DefaultBuildOperationRunner$CallableBuildOperationWorker.execute(DefaultBuildOperationRunner.java:204)
	at org.gradle.internal.operations.DefaultBuildOperationRunner$2.execute(DefaultBuildOperationRunner.java:66)
	at org.gradle.internal.operations.DefaultBuildOperationRunner$2.execute(DefaultBuildOperationRunner.java:59)
	at org.gradle.internal.operations.DefaultBuildOperationRunner.execute(DefaultBuildOperationRunner.java:166)
	at org.gradle.internal.operations.DefaultBuildOperationRunner.execute(DefaultBuildOperationRunner.java:59)
	at org.gradle.internal.operations.DefaultBuildOperationRunner.call(DefaultBuildOperationRunner.java:53)
	at org.gradle.internal.resource.transfer.ProgressLoggingExternalResourceAccessor.withContent(ProgressLoggingExternalResourceAccessor.java:46)
	at org.gradle.internal.resource.transfer.AccessorBackedExternalResource.withContentIfPresent(AccessorBackedExternalResource.java:103)
	at org.gradle.internal.resource.transfer.DefaultCacheAwareExternalResourceAccessor.copyToCache(DefaultCacheAwareExternalResourceAccessor.java:188)
	at org.gradle.internal.resource.transfer.DefaultCacheAwareExternalResourceAccessor.lambda$getResource$1(DefaultCacheAwareExternalResourceAccessor.java:86)
	at org.gradle.cache.internal.ProducerGuard$AdaptiveProducerGuard.guardByKey(ProducerGuard.java:97)
	at org.gradle.internal.resource.transfer.DefaultCacheAwareExternalResourceAccessor.getResource(DefaultCacheAwareExternalResourceAccessor.java:80)
	at org.gradle.api.internal.artifacts.repositories.resolver.DefaultExternalResourceArtifactResolver.downloadByUrl(DefaultExternalResourceArtifactResolver.java:109)
	... 151 more
Cause 4: org.gradle.api.internal.artifacts.transform.TransformException: Failed to transform okio-jvm-3.2.0.jar (com.squareup.okio:okio-jvm:3.2.0) to match attributes {artifactType=android-java-res, org.gradle.category=library, org.gradle.libraryelements=jar, org.gradle.status=release, org.gradle.usage=java-runtime, org.jetbrains.kotlin.platform.type=jvm}.
	at org.gradle.api.internal.artifacts.transform.TransformingAsyncArtifactListener$TransformedArtifact.lambda$visit$4(TransformingAsyncArtifactListener.java:243)
	at org.gradle.internal.Try$Failure.ifSuccessfulOrElse(Try.java:293)
	at org.gradle.api.internal.artifacts.transform.TransformingAsyncArtifactListener$TransformedArtifact.visit(TransformingAsyncArtifactListener.java:235)
	at org.gradle.api.internal.artifacts.ivyservice.resolveengine.artifact.ParallelResolveArtifactSet$VisitingSet$StartVisitAction.visitResults(ParallelResolveArtifactSet.java:100)
	at org.gradle.api.internal.artifacts.ivyservice.resolveengine.artifact.ParallelResolveArtifactSet$VisitingSet.visit(ParallelResolveArtifactSet.java:69)
	at org.gradle.api.internal.artifacts.ivyservice.resolveengine.artifact.ResolvedArtifactSetResolver$1.run(ResolvedArtifactSetResolver.java:65)
	at org.gradle.internal.operations.DefaultBuildOperationRunner$1.execute(DefaultBuildOperationRunner.java:29)
	at org.gradle.internal.operations.DefaultBuildOperationRunner$1.execute(DefaultBuildOperationRunner.java:26)
	at org.gradle.internal.operations.DefaultBuildOperationRunner$2.execute(DefaultBuildOperationRunner.java:66)
	at org.gradle.internal.operations.DefaultBuildOperationRunner$2.execute(DefaultBuildOperationRunner.java:59)
	at org.gradle.internal.operations.DefaultBuildOperationRunner.execute(DefaultBuildOperationRunner.java:166)
	at org.gradle.internal.operations.DefaultBuildOperationRunner.execute(DefaultBuildOperationRunner.java:59)
	at org.gradle.internal.operations.DefaultBuildOperationRunner.run(DefaultBuildOperationRunner.java:47)
	at org.gradle.api.internal.artifacts.ivyservice.resolveengine.artifact.ResolvedArtifactSetResolver.visitArtifacts(ResolvedArtifactSetResolver.java:62)
	at org.gradle.api.internal.artifacts.ivyservice.resolveengine.artifact.ResolvedArtifactSetResolver.lambda$visitInUnmanagedWorkerThread$0(ResolvedArtifactSetResolver.java:58)
	at org.gradle.internal.work.DefaultWorkerLeaseService.runAsUnmanagedWorkerThread(DefaultWorkerLeaseService.java:143)
	at org.gradle.api.internal.artifacts.ivyservice.resolveengine.artifact.ResolvedArtifactSetResolver.visitInUnmanagedWorkerThread(ResolvedArtifactSetResolver.java:58)
	at org.gradle.api.internal.artifacts.ivyservice.resolveengine.artifact.DefaultSelectedArtifactSet.visitArtifacts(DefaultSelectedArtifactSet.java:59)
	at org.gradle.api.internal.artifacts.ivyservice.resolveengine.artifact.SelectedArtifactSet.visitFiles(SelectedArtifactSet.java:34)
	at org.gradle.api.internal.artifacts.configurations.ResolutionBackedFileCollection.visitContents(ResolutionBackedFileCollection.java:73)
	at org.gradle.api.internal.file.AbstractFileCollection.visitStructure(AbstractFileCollection.java:360)
	at org.gradle.api.internal.file.CompositeFileCollection.lambda$visitContents$0(CompositeFileCollection.java:113)
	at org.gradle.api.internal.file.collections.UnpackingVisitor.add(UnpackingVisitor.java:67)
	at org.gradle.api.internal.file.collections.DefaultConfigurableFileCollection$UnresolvedItemsCollector.visitContents(DefaultConfigurableFileCollection.java:594)
	at org.gradle.api.internal.file.collections.DefaultConfigurableFileCollection.visitChildren(DefaultConfigurableFileCollection.java:416)
	at org.gradle.api.internal.file.CompositeFileCollection.visitContents(CompositeFileCollection.java:113)
	at org.gradle.api.internal.file.AbstractFileCollection.visitStructure(AbstractFileCollection.java:360)
	at org.gradle.api.internal.file.collections.DefaultConfigurableFileCollection.lambda$calculateFinalizedValue$1(DefaultConfigurableFileCollection.java:391)
	at org.gradle.api.internal.file.collections.UnpackingVisitor.add(UnpackingVisitor.java:67)
	at org.gradle.api.internal.file.collections.DefaultConfigurableFileCollection$UnresolvedItemsCollector.visitContents(DefaultConfigurableFileCollection.java:594)
	at org.gradle.api.internal.file.collections.DefaultConfigurableFileCollection.calculateFinalizedValue(DefaultConfigurableFileCollection.java:391)
	at org.gradle.api.internal.file.collections.DefaultConfigurableFileCollection.finalizeNow(DefaultConfigurableFileCollection.java:120)
	at org.gradle.api.internal.file.collections.DefaultConfigurableFileCollection.lambda$visitChildren$2(DefaultConfigurableFileCollection.java:415)
	at org.gradle.api.internal.provider.ValueState.finalizeOnReadIfNeeded(ValueState.java:139)
	at org.gradle.api.internal.file.collections.DefaultConfigurableFileCollection.visitChildren(DefaultConfigurableFileCollection.java:415)
	at org.gradle.api.internal.file.CompositeFileCollection.visitContents(CompositeFileCollection.java:113)
	at org.gradle.api.internal.file.AbstractFileCollection.visitStructure(AbstractFileCollection.java:360)
	at org.gradle.api.internal.file.CompositeFileCollection.lambda$visitContents$0(CompositeFileCollection.java:113)
	at org.gradle.api.internal.file.collections.UnpackingVisitor.add(UnpackingVisitor.java:67)
	at org.gradle.api.internal.file.collections.UnpackingVisitor.add(UnpackingVisitor.java:92)
	at org.gradle.api.internal.file.DefaultFileCollectionFactory$ResolvingFileCollection.visitChildren(DefaultFileCollectionFactory.java:306)
	at org.gradle.api.internal.file.CompositeFileCollection.visitContents(CompositeFileCollection.java:113)
	at org.gradle.api.internal.file.AbstractFileCollection.visitStructure(AbstractFileCollection.java:360)
	at org.gradle.api.internal.file.CompositeFileCollection.lambda$visitContents$0(CompositeFileCollection.java:113)
	at org.gradle.api.internal.tasks.PropertyFileCollection.visitChildren(PropertyFileCollection.java:48)
	at org.gradle.api.internal.file.CompositeFileCollection.visitContents(CompositeFileCollection.java:113)
	at org.gradle.api.internal.file.AbstractFileCollection.visitStructure(AbstractFileCollection.java:360)
	at org.gradle.internal.fingerprint.impl.DefaultFileCollectionSnapshotter.snapshot(DefaultFileCollectionSnapshotter.java:47)
	at org.gradle.internal.execution.impl.DefaultInputFingerprinter$InputCollectingVisitor.visitInputFileProperty(DefaultInputFingerprinter.java:133)
	at org.gradle.api.internal.tasks.execution.TaskExecution.visitRegularInputs(TaskExecution.java:324)
	at org.gradle.internal.execution.impl.DefaultInputFingerprinter.fingerprintInputProperties(DefaultInputFingerprinter.java:63)
	at org.gradle.internal.execution.steps.AbstractCaptureStateBeforeExecutionStep.captureExecutionStateWithOutputs(AbstractCaptureStateBeforeExecutionStep.java:109)
	at org.gradle.internal.execution.steps.AbstractCaptureStateBeforeExecutionStep.lambda$captureExecutionState$0(AbstractCaptureStateBeforeExecutionStep.java:74)
	at org.gradle.internal.execution.steps.BuildOperationStep$1.call(BuildOperationStep.java:37)
	at org.gradle.internal.operations.DefaultBuildOperationRunner$CallableBuildOperationWorker.execute(DefaultBuildOperationRunner.java:209)
	at org.gradle.internal.operations.DefaultBuildOperationRunner$CallableBuildOperationWorker.execute(DefaultBuildOperationRunner.java:204)
	at org.gradle.internal.operations.DefaultBuildOperationRunner$2.execute(DefaultBuildOperationRunner.java:66)
	at org.gradle.internal.operations.DefaultBuildOperationRunner$2.execute(DefaultBuildOperationRunner.java:59)
	at org.gradle.internal.operations.DefaultBuildOperationRunner.execute(DefaultBuildOperationRunner.java:166)
	at org.gradle.internal.operations.DefaultBuildOperationRunner.execute(DefaultBuildOperationRunner.java:59)
	at org.gradle.internal.operations.DefaultBuildOperationRunner.call(DefaultBuildOperationRunner.java:53)
	at org.gradle.internal.execution.steps.BuildOperationStep.operation(BuildOperationStep.java:34)
	at org.gradle.internal.execution.steps.AbstractCaptureStateBeforeExecutionStep.captureExecutionState(AbstractCaptureStateBeforeExecutionStep.java:69)
	at org.gradle.internal.execution.steps.AbstractCaptureStateBeforeExecutionStep.execute(AbstractCaptureStateBeforeExecutionStep.java:62)
	at org.gradle.internal.execution.steps.AbstractCaptureStateBeforeExecutionStep.execute(AbstractCaptureStateBeforeExecutionStep.java:43)
	at org.gradle.internal.execution.steps.AbstractSkipEmptyWorkStep.executeWithNonEmptySources(AbstractSkipEmptyWorkStep.java:125)
	at org.gradle.internal.execution.steps.AbstractSkipEmptyWorkStep.execute(AbstractSkipEmptyWorkStep.java:56)
	at org.gradle.internal.execution.steps.AbstractSkipEmptyWorkStep.execute(AbstractSkipEmptyWorkStep.java:36)
	at org.gradle.internal.execution.steps.legacy.MarkSnapshottingInputsStartedStep.execute(MarkSnapshottingInputsStartedStep.java:38)
	at org.gradle.internal.execution.steps.LoadPreviousExecutionStateStep.execute(LoadPreviousExecutionStateStep.java:36)
	at org.gradle.internal.execution.steps.LoadPreviousExecutionStateStep.execute(LoadPreviousExecutionStateStep.java:23)
	at org.gradle.internal.execution.steps.HandleStaleOutputsStep.execute(HandleStaleOutputsStep.java:75)
	at org.gradle.internal.execution.steps.HandleStaleOutputsStep.execute(HandleStaleOutputsStep.java:41)
	at org.gradle.internal.execution.steps.AssignMutableWorkspaceStep.lambda$execute$0(AssignMutableWorkspaceStep.java:35)
	at org.gradle.api.internal.tasks.execution.TaskExecution$4.withWorkspace(TaskExecution.java:289)
	at org.gradle.internal.execution.steps.AssignMutableWorkspaceStep.execute(AssignMutableWorkspaceStep.java:31)
	at org.gradle.internal.execution.steps.AssignMutableWorkspaceStep.execute(AssignMutableWorkspaceStep.java:22)
	at org.gradle.internal.execution.steps.ChoosePipelineStep.execute(ChoosePipelineStep.java:40)
	at org.gradle.internal.execution.steps.ChoosePipelineStep.execute(ChoosePipelineStep.java:23)
	at org.gradle.internal.execution.steps.ExecuteWorkBuildOperationFiringStep.lambda$execute$2(ExecuteWorkBuildOperationFiringStep.java:67)
	at java.base/java.util.Optional.orElseGet(Optional.java:364)
	at org.gradle.internal.execution.steps.ExecuteWorkBuildOperationFiringStep.execute(ExecuteWorkBuildOperationFiringStep.java:67)
	at org.gradle.internal.execution.steps.ExecuteWorkBuildOperationFiringStep.execute(ExecuteWorkBuildOperationFiringStep.java:39)
	at org.gradle.internal.execution.steps.IdentityCacheStep.execute(IdentityCacheStep.java:46)
	at org.gradle.internal.execution.steps.IdentityCacheStep.execute(IdentityCacheStep.java:34)
	at org.gradle.internal.execution.steps.IdentifyStep.execute(IdentifyStep.java:48)
	at org.gradle.internal.execution.steps.IdentifyStep.execute(IdentifyStep.java:35)
	at org.gradle.internal.execution.impl.DefaultExecutionEngine$1.execute(DefaultExecutionEngine.java:61)
	at org.gradle.api.internal.tasks.execution.ExecuteActionsTaskExecuter.executeIfValid(ExecuteActionsTaskExecuter.java:127)
	at org.gradle.api.internal.tasks.execution.ExecuteActionsTaskExecuter.execute(ExecuteActionsTaskExecuter.java:116)
	at org.gradle.api.internal.tasks.execution.FinalizePropertiesTaskExecuter.execute(FinalizePropertiesTaskExecuter.java:46)
	at org.gradle.api.internal.tasks.execution.ResolveTaskExecutionModeExecuter.execute(ResolveTaskExecutionModeExecuter.java:51)
	at org.gradle.api.internal.tasks.execution.SkipTaskWithNoActionsExecuter.execute(SkipTaskWithNoActionsExecuter.java:57)
	at org.gradle.api.internal.tasks.execution.SkipOnlyIfTaskExecuter.execute(SkipOnlyIfTaskExecuter.java:74)
	at org.gradle.api.internal.tasks.execution.CatchExceptionTaskExecuter.execute(CatchExceptionTaskExecuter.java:36)
	at org.gradle.api.internal.tasks.execution.EventFiringTaskExecuter$1.executeTask(EventFiringTaskExecuter.java:77)
	at org.gradle.api.internal.tasks.execution.EventFiringTaskExecuter$1.call(EventFiringTaskExecuter.java:55)
	at org.gradle.api.internal.tasks.execution.EventFiringTaskExecuter$1.call(EventFiringTaskExecuter.java:52)
	at org.gradle.internal.operations.DefaultBuildOperationRunner$CallableBuildOperationWorker.execute(DefaultBuildOperationRunner.java:209)
	at org.gradle.internal.operations.DefaultBuildOperationRunner$CallableBuildOperationWorker.execute(DefaultBuildOperationRunner.java:204)
	at org.gradle.internal.operations.DefaultBuildOperationRunner$2.execute(DefaultBuildOperationRunner.java:66)
	at org.gradle.internal.operations.DefaultBuildOperationRunner$2.execute(DefaultBuildOperationRunner.java:59)
	at org.gradle.internal.operations.DefaultBuildOperationRunner.execute(DefaultBuildOperationRunner.java:166)
	at org.gradle.internal.operations.DefaultBuildOperationRunner.execute(DefaultBuildOperationRunner.java:59)
	at org.gradle.internal.operations.DefaultBuildOperationRunner.call(DefaultBuildOperationRunner.java:53)
	at org.gradle.api.internal.tasks.execution.EventFiringTaskExecuter.execute(EventFiringTaskExecuter.java:52)
	at org.gradle.execution.plan.LocalTaskNodeExecutor.execute(LocalTaskNodeExecutor.java:42)
	at org.gradle.execution.taskgraph.DefaultTaskExecutionGraph$InvokeNodeExecutorsAction.execute(DefaultTaskExecutionGraph.java:331)
	at org.gradle.execution.taskgraph.DefaultTaskExecutionGraph$InvokeNodeExecutorsAction.execute(DefaultTaskExecutionGraph.java:318)
	at org.gradle.execution.taskgraph.DefaultTaskExecutionGraph$BuildOperationAwareExecutionAction.lambda$execute$0(DefaultTaskExecutionGraph.java:314)
	at org.gradle.internal.operations.CurrentBuildOperationRef.with(CurrentBuildOperationRef.java:85)
	at org.gradle.execution.taskgraph.DefaultTaskExecutionGraph$BuildOperationAwareExecutionAction.execute(DefaultTaskExecutionGraph.java:314)
	at org.gradle.execution.taskgraph.DefaultTaskExecutionGraph$BuildOperationAwareExecutionAction.execute(DefaultTaskExecutionGraph.java:303)
	at org.gradle.execution.plan.DefaultPlanExecutor$ExecutorWorker.execute(DefaultPlanExecutor.java:459)
	at org.gradle.execution.plan.DefaultPlanExecutor$ExecutorWorker.run(DefaultPlanExecutor.java:376)
	at org.gradle.internal.concurrent.ExecutorPolicy$CatchAndRecordFailures.onExecute(ExecutorPolicy.java:64)
	at org.gradle.internal.concurrent.AbstractManagedExecutor$1.run(AbstractManagedExecutor.java:48)
	at java.base/java.util.concurrent.ThreadPoolExecutor.runWorker(ThreadPoolExecutor.java:1136)
	at java.base/java.util.concurrent.ThreadPoolExecutor$Worker.run(ThreadPoolExecutor.java:635)
	at java.base/java.lang.Thread.run(Thread.java:840)
Caused by: org.gradle.internal.resolve.ArtifactResolveException: Could not download okio-jvm-3.2.0.jar (com.squareup.okio:okio-jvm:3.2.0)
	at org.gradle.api.internal.artifacts.repositories.resolver.ExternalResourceResolver$RemoteRepositoryAccess.resolveArtifact(ExternalResourceResolver.java:484)
	at org.gradle.api.internal.artifacts.ivyservice.ivyresolve.CachingModuleComponentRepository$ResolveAndCacheRepositoryAccess.resolveArtifact(CachingModuleComponentRepository.java:463)
	at org.gradle.api.internal.artifacts.ivyservice.ivyresolve.ErrorHandlingModuleComponentRepository$ErrorHandlingModuleComponentRepositoryAccess.lambda$resolveArtifact$12(ErrorHandlingModuleComponentRepository.java:169)
	at org.gradle.api.internal.artifacts.ivyservice.ivyresolve.ErrorHandlingModuleComponentRepository$ErrorHandlingModuleComponentRepositoryAccess.tryResolveAndMaybeDisable(ErrorHandlingModuleComponentRepository.java:236)
	at org.gradle.api.internal.artifacts.ivyservice.ivyresolve.ErrorHandlingModuleComponentRepository$ErrorHandlingModuleComponentRepositoryAccess.performOperationWithRetries(ErrorHandlingModuleComponentRepository.java:193)
	at org.gradle.api.internal.artifacts.ivyservice.ivyresolve.ErrorHandlingModuleComponentRepository$ErrorHandlingModuleComponentRepositoryAccess.resolveArtifact(ErrorHandlingModuleComponentRepository.java:167)
	at org.gradle.api.internal.artifacts.ivyservice.ivyresolve.RepositoryChainArtifactResolver.resolveArtifactLater(RepositoryChainArtifactResolver.java:75)
	at org.gradle.api.internal.artifacts.ivyservice.ivyresolve.RepositoryChainArtifactResolver.lambda$resolveArtifact$0(RepositoryChainArtifactResolver.java:63)
	at org.gradle.internal.model.CalculatedValueContainerFactory$SupplierBackedCalculator.calculateValue(CalculatedValueContainerFactory.java:78)
	at org.gradle.internal.model.CalculatedValueContainer$CalculationState.lambda$attachValue$0(CalculatedValueContainer.java:228)
	at org.gradle.internal.Try.ofFailable(Try.java:50)
	at org.gradle.internal.model.CalculatedValueContainer$CalculationState.attachValue(CalculatedValueContainer.java:223)
	at org.gradle.internal.model.CalculatedValueContainer.finalizeIfNotAlready(CalculatedValueContainer.java:194)
	at org.gradle.internal.model.CalculatedValueContainer.finalizeIfNotAlready(CalculatedValueContainer.java:185)
	at org.gradle.api.internal.artifacts.transform.TransformingAsyncArtifactListener$TransformedArtifact.finalizeValue(TransformingAsyncArtifactListener.java:193)
	at org.gradle.api.internal.artifacts.transform.TransformingAsyncArtifactListener$TransformedArtifact.run(TransformingAsyncArtifactListener.java:147)
	at org.gradle.internal.operations.DefaultBuildOperationRunner$2.execute(DefaultBuildOperationRunner.java:66)
	at org.gradle.internal.operations.DefaultBuildOperationRunner$2.execute(DefaultBuildOperationRunner.java:59)
	at org.gradle.internal.operations.DefaultBuildOperationRunner.execute(DefaultBuildOperationRunner.java:166)
	at org.gradle.internal.operations.DefaultBuildOperationRunner.execute(DefaultBuildOperationRunner.java:59)
	at org.gradle.internal.operations.DefaultBuildOperationExecutor$QueueWorker.execute(DefaultBuildOperationExecutor.java:161)
	at org.gradle.internal.operations.DefaultBuildOperationQueue$WorkerRunnable.runOperation(DefaultBuildOperationQueue.java:272)
	at org.gradle.internal.operations.DefaultBuildOperationQueue$WorkerRunnable.doRunBatch(DefaultBuildOperationQueue.java:253)
	at org.gradle.internal.operations.DefaultBuildOperationQueue$WorkerRunnable.lambda$runBatch$0(DefaultBuildOperationQueue.java:238)
	at org.gradle.internal.resources.AbstractResourceLockRegistry.whileDisallowingLockChanges(AbstractResourceLockRegistry.java:50)
	at org.gradle.internal.work.DefaultWorkerLeaseService.whileDisallowingProjectLockChanges(DefaultWorkerLeaseService.java:239)
	at org.gradle.internal.operations.DefaultBuildOperationQueue$WorkerRunnable.lambda$runBatch$1(DefaultBuildOperationQueue.java:238)
	at org.gradle.internal.work.DefaultWorkerLeaseService.runAsWorkerThread(DefaultWorkerLeaseService.java:129)
	at org.gradle.internal.operations.DefaultBuildOperationQueue$WorkerRunnable.runBatch(DefaultBuildOperationQueue.java:224)
	at org.gradle.internal.operations.DefaultBuildOperationQueue$WorkerRunnable.run(DefaultBuildOperationQueue.java:192)
	at org.gradle.internal.operations.DefaultBuildOperationQueue.waitForCompletion(DefaultBuildOperationQueue.java:105)
	at org.gradle.internal.operations.DefaultBuildOperationExecutor.executeInParallel(DefaultBuildOperationExecutor.java:106)
	at org.gradle.internal.operations.DefaultBuildOperationExecutor.runAll(DefaultBuildOperationExecutor.java:65)
	at org.gradle.api.internal.artifacts.ivyservice.resolveengine.artifact.ParallelResolveArtifactSet$VisitingSet.visit(ParallelResolveArtifactSet.java:66)
	... 115 more
Caused by: org.gradle.api.resources.ResourceException: Could not get resource 'https://repo.maven.apache.org/maven2/com/squareup/okio/okio-jvm/3.2.0/okio-jvm-3.2.0.jar'.
	at org.gradle.internal.resource.ResourceExceptions.failure(ResourceExceptions.java:74)
	at org.gradle.internal.resource.ResourceExceptions.getFailed(ResourceExceptions.java:57)
	at org.gradle.api.internal.artifacts.repositories.resolver.DefaultExternalResourceArtifactResolver.downloadByUrl(DefaultExternalResourceArtifactResolver.java:114)
	at org.gradle.api.internal.artifacts.repositories.resolver.DefaultExternalResourceArtifactResolver.downloadStaticResource(DefaultExternalResourceArtifactResolver.java:92)
	at org.gradle.api.internal.artifacts.repositories.resolver.DefaultExternalResourceArtifactResolver.resolveArtifact(DefaultExternalResourceArtifactResolver.java:62)
	at org.gradle.api.internal.artifacts.repositories.resolver.ExternalResourceResolver$RemoteRepositoryAccess.resolveArtifact(ExternalResourceResolver.java:477)
	... 148 more
Caused by: org.gradle.internal.resource.transport.http.HttpErrorStatusCodeException: Could not GET 'https://repo.maven.apache.org/maven2/com/squareup/okio/okio-jvm/3.2.0/okio-jvm-3.2.0.jar'. Received status code 429 from server: Too Many Requests
	at org.gradle.internal.resource.transport.http.HttpClientHelper.processResponse(HttpClientHelper.java:251)
	at org.gradle.internal.resource.transport.http.HttpClientHelper.performGet(HttpClientHelper.java:105)
	at org.gradle.internal.resource.transport.http.HttpResourceAccessor.openResource(HttpResourceAccessor.java:45)
	at org.gradle.internal.resource.transport.http.HttpResourceAccessor.openResource(HttpResourceAccessor.java:30)
	at org.gradle.internal.resource.transfer.AbstractExternalResourceAccessor.withContent(AbstractExternalResourceAccessor.java:32)
	at org.gradle.internal.resource.transfer.DefaultExternalResourceConnector.withContent(DefaultExternalResourceConnector.java:59)
	at org.gradle.internal.resource.transfer.ProgressLoggingExternalResourceAccessor$DownloadOperation.call(ProgressLoggingExternalResourceAccessor.java:123)
	at org.gradle.internal.operations.DefaultBuildOperationRunner$CallableBuildOperationWorker.execute(DefaultBuildOperationRunner.java:209)
	at org.gradle.internal.operations.DefaultBuildOperationRunner$CallableBuildOperationWorker.execute(DefaultBuildOperationRunner.java:204)
	at org.gradle.internal.operations.DefaultBuildOperationRunner$2.execute(DefaultBuildOperationRunner.java:66)
	at org.gradle.internal.operations.DefaultBuildOperationRunner$2.execute(DefaultBuildOperationRunner.java:59)
	at org.gradle.internal.operations.DefaultBuildOperationRunner.execute(DefaultBuildOperationRunner.java:166)
	at org.gradle.internal.operations.DefaultBuildOperationRunner.execute(DefaultBuildOperationRunner.java:59)
	at org.gradle.internal.operations.DefaultBuildOperationRunner.call(DefaultBuildOperationRunner.java:53)
	at org.gradle.internal.resource.transfer.ProgressLoggingExternalResourceAccessor.withContent(ProgressLoggingExternalResourceAccessor.java:46)
	at org.gradle.internal.resource.transfer.AccessorBackedExternalResource.withContentIfPresent(AccessorBackedExternalResource.java:103)
	at org.gradle.internal.resource.transfer.DefaultCacheAwareExternalResourceAccessor.copyToCache(DefaultCacheAwareExternalResourceAccessor.java:188)
	at org.gradle.internal.resource.transfer.DefaultCacheAwareExternalResourceAccessor.lambda$getResource$1(DefaultCacheAwareExternalResourceAccessor.java:86)
	at org.gradle.cache.internal.ProducerGuard$AdaptiveProducerGuard.guardByKey(ProducerGuard.java:97)
	at org.gradle.internal.resource.transfer.DefaultCacheAwareExternalResourceAccessor.getResource(DefaultCacheAwareExternalResourceAccessor.java:80)
	at org.gradle.api.internal.artifacts.repositories.resolver.DefaultExternalResourceArtifactResolver.downloadByUrl(DefaultExternalResourceArtifactResolver.java:109)
	... 151 more
Cause 5: org.gradle.api.internal.artifacts.transform.TransformException: Failed to transform kotlin-stdlib-jdk8-1.8.20.jar (org.jetbrains.kotlin:kotlin-stdlib-jdk8:1.8.20) to match attributes {artifactType=android-java-res, org.gradle.category=library, org.gradle.libraryelements=jar, org.gradle.status=release, org.gradle.usage=java-runtime}.
	at org.gradle.api.internal.artifacts.transform.TransformingAsyncArtifactListener$TransformedArtifact.lambda$visit$4(TransformingAsyncArtifactListener.java:243)
	at org.gradle.internal.Try$Failure.ifSuccessfulOrElse(Try.java:293)
	at org.gradle.api.internal.artifacts.transform.TransformingAsyncArtifactListener$TransformedArtifact.visit(TransformingAsyncArtifactListener.java:235)
	at org.gradle.api.internal.artifacts.ivyservice.resolveengine.artifact.ParallelResolveArtifactSet$VisitingSet$StartVisitAction.visitResults(ParallelResolveArtifactSet.java:100)
	at org.gradle.api.internal.artifacts.ivyservice.resolveengine.artifact.ParallelResolveArtifactSet$VisitingSet.visit(ParallelResolveArtifactSet.java:69)
	at org.gradle.api.internal.artifacts.ivyservice.resolveengine.artifact.ResolvedArtifactSetResolver$1.run(ResolvedArtifactSetResolver.java:65)
	at org.gradle.internal.operations.DefaultBuildOperationRunner$1.execute(DefaultBuildOperationRunner.java:29)
	at org.gradle.internal.operations.DefaultBuildOperationRunner$1.execute(DefaultBuildOperationRunner.java:26)
	at org.gradle.internal.operations.DefaultBuildOperationRunner$2.execute(DefaultBuildOperationRunner.java:66)
	at org.gradle.internal.operations.DefaultBuildOperationRunner$2.execute(DefaultBuildOperationRunner.java:59)
	at org.gradle.internal.operations.DefaultBuildOperationRunner.execute(DefaultBuildOperationRunner.java:166)
	at org.gradle.internal.operations.DefaultBuildOperationRunner.execute(DefaultBuildOperationRunner.java:59)
	at org.gradle.internal.operations.DefaultBuildOperationRunner.run(DefaultBuildOperationRunner.java:47)
	at org.gradle.api.internal.artifacts.ivyservice.resolveengine.artifact.ResolvedArtifactSetResolver.visitArtifacts(ResolvedArtifactSetResolver.java:62)
	at org.gradle.api.internal.artifacts.ivyservice.resolveengine.artifact.ResolvedArtifactSetResolver.lambda$visitInUnmanagedWorkerThread$0(ResolvedArtifactSetResolver.java:58)
	at org.gradle.internal.work.DefaultWorkerLeaseService.runAsUnmanagedWorkerThread(DefaultWorkerLeaseService.java:143)
	at org.gradle.api.internal.artifacts.ivyservice.resolveengine.artifact.ResolvedArtifactSetResolver.visitInUnmanagedWorkerThread(ResolvedArtifactSetResolver.java:58)
	at org.gradle.api.internal.artifacts.ivyservice.resolveengine.artifact.DefaultSelectedArtifactSet.visitArtifacts(DefaultSelectedArtifactSet.java:59)
	at org.gradle.api.internal.artifacts.ivyservice.resolveengine.artifact.SelectedArtifactSet.visitFiles(SelectedArtifactSet.java:34)
	at org.gradle.api.internal.artifacts.configurations.ResolutionBackedFileCollection.visitContents(ResolutionBackedFileCollection.java:73)
	at org.gradle.api.internal.file.AbstractFileCollection.visitStructure(AbstractFileCollection.java:360)
	at org.gradle.api.internal.file.CompositeFileCollection.lambda$visitContents$0(CompositeFileCollection.java:113)
	at org.gradle.api.internal.file.collections.UnpackingVisitor.add(UnpackingVisitor.java:67)
	at org.gradle.api.internal.file.collections.DefaultConfigurableFileCollection$UnresolvedItemsCollector.visitContents(DefaultConfigurableFileCollection.java:594)
	at org.gradle.api.internal.file.collections.DefaultConfigurableFileCollection.visitChildren(DefaultConfigurableFileCollection.java:416)
	at org.gradle.api.internal.file.CompositeFileCollection.visitContents(CompositeFileCollection.java:113)
	at org.gradle.api.internal.file.AbstractFileCollection.visitStructure(AbstractFileCollection.java:360)
	at org.gradle.api.internal.file.collections.DefaultConfigurableFileCollection.lambda$calculateFinalizedValue$1(DefaultConfigurableFileCollection.java:391)
	at org.gradle.api.internal.file.collections.UnpackingVisitor.add(UnpackingVisitor.java:67)
	at org.gradle.api.internal.file.collections.DefaultConfigurableFileCollection$UnresolvedItemsCollector.visitContents(DefaultConfigurableFileCollection.java:594)
	at org.gradle.api.internal.file.collections.DefaultConfigurableFileCollection.calculateFinalizedValue(DefaultConfigurableFileCollection.java:391)
	at org.gradle.api.internal.file.collections.DefaultConfigurableFileCollection.finalizeNow(DefaultConfigurableFileCollection.java:120)
	at org.gradle.api.internal.file.collections.DefaultConfigurableFileCollection.lambda$visitChildren$2(DefaultConfigurableFileCollection.java:415)
	at org.gradle.api.internal.provider.ValueState.finalizeOnReadIfNeeded(ValueState.java:139)
	at org.gradle.api.internal.file.collections.DefaultConfigurableFileCollection.visitChildren(DefaultConfigurableFileCollection.java:415)
	at org.gradle.api.internal.file.CompositeFileCollection.visitContents(CompositeFileCollection.java:113)
	at org.gradle.api.internal.file.AbstractFileCollection.visitStructure(AbstractFileCollection.java:360)
	at org.gradle.api.internal.file.CompositeFileCollection.lambda$visitContents$0(CompositeFileCollection.java:113)
	at org.gradle.api.internal.file.collections.UnpackingVisitor.add(UnpackingVisitor.java:67)
	at org.gradle.api.internal.file.collections.UnpackingVisitor.add(UnpackingVisitor.java:92)
	at org.gradle.api.internal.file.DefaultFileCollectionFactory$ResolvingFileCollection.visitChildren(DefaultFileCollectionFactory.java:306)
	at org.gradle.api.internal.file.CompositeFileCollection.visitContents(CompositeFileCollection.java:113)
	at org.gradle.api.internal.file.AbstractFileCollection.visitStructure(AbstractFileCollection.java:360)
	at org.gradle.api.internal.file.CompositeFileCollection.lambda$visitContents$0(CompositeFileCollection.java:113)
	at org.gradle.api.internal.tasks.PropertyFileCollection.visitChildren(PropertyFileCollection.java:48)
	at org.gradle.api.internal.file.CompositeFileCollection.visitContents(CompositeFileCollection.java:113)
	at org.gradle.api.internal.file.AbstractFileCollection.visitStructure(AbstractFileCollection.java:360)
	at org.gradle.internal.fingerprint.impl.DefaultFileCollectionSnapshotter.snapshot(DefaultFileCollectionSnapshotter.java:47)
	at org.gradle.internal.execution.impl.DefaultInputFingerprinter$InputCollectingVisitor.visitInputFileProperty(DefaultInputFingerprinter.java:133)
	at org.gradle.api.internal.tasks.execution.TaskExecution.visitRegularInputs(TaskExecution.java:324)
	at org.gradle.internal.execution.impl.DefaultInputFingerprinter.fingerprintInputProperties(DefaultInputFingerprinter.java:63)
	at org.gradle.internal.execution.steps.AbstractCaptureStateBeforeExecutionStep.captureExecutionStateWithOutputs(AbstractCaptureStateBeforeExecutionStep.java:109)
	at org.gradle.internal.execution.steps.AbstractCaptureStateBeforeExecutionStep.lambda$captureExecutionState$0(AbstractCaptureStateBeforeExecutionStep.java:74)
	at org.gradle.internal.execution.steps.BuildOperationStep$1.call(BuildOperationStep.java:37)
	at org.gradle.internal.operations.DefaultBuildOperationRunner$CallableBuildOperationWorker.execute(DefaultBuildOperationRunner.java:209)
	at org.gradle.internal.operations.DefaultBuildOperationRunner$CallableBuildOperationWorker.execute(DefaultBuildOperationRunner.java:204)
	at org.gradle.internal.operations.DefaultBuildOperationRunner$2.execute(DefaultBuildOperationRunner.java:66)
	at org.gradle.internal.operations.DefaultBuildOperationRunner$2.execute(DefaultBuildOperationRunner.java:59)
	at org.gradle.internal.operations.DefaultBuildOperationRunner.execute(DefaultBuildOperationRunner.java:166)
	at org.gradle.internal.operations.DefaultBuildOperationRunner.execute(DefaultBuildOperationRunner.java:59)
	at org.gradle.internal.operations.DefaultBuildOperationRunner.call(DefaultBuildOperationRunner.java:53)
	at org.gradle.internal.execution.steps.BuildOperationStep.operation(BuildOperationStep.java:34)
	at org.gradle.internal.execution.steps.AbstractCaptureStateBeforeExecutionStep.captureExecutionState(AbstractCaptureStateBeforeExecutionStep.java:69)
	at org.gradle.internal.execution.steps.AbstractCaptureStateBeforeExecutionStep.execute(AbstractCaptureStateBeforeExecutionStep.java:62)
	at org.gradle.internal.execution.steps.AbstractCaptureStateBeforeExecutionStep.execute(AbstractCaptureStateBeforeExecutionStep.java:43)
	at org.gradle.internal.execution.steps.AbstractSkipEmptyWorkStep.executeWithNonEmptySources(AbstractSkipEmptyWorkStep.java:125)
	at org.gradle.internal.execution.steps.AbstractSkipEmptyWorkStep.execute(AbstractSkipEmptyWorkStep.java:56)
	at org.gradle.internal.execution.steps.AbstractSkipEmptyWorkStep.execute(AbstractSkipEmptyWorkStep.java:36)
	at org.gradle.internal.execution.steps.legacy.MarkSnapshottingInputsStartedStep.execute(MarkSnapshottingInputsStartedStep.java:38)
	at org.gradle.internal.execution.steps.LoadPreviousExecutionStateStep.execute(LoadPreviousExecutionStateStep.java:36)
	at org.gradle.internal.execution.steps.LoadPreviousExecutionStateStep.execute(LoadPreviousExecutionStateStep.java:23)
	at org.gradle.internal.execution.steps.HandleStaleOutputsStep.execute(HandleStaleOutputsStep.java:75)
	at org.gradle.internal.execution.steps.HandleStaleOutputsStep.execute(HandleStaleOutputsStep.java:41)
	at org.gradle.internal.execution.steps.AssignMutableWorkspaceStep.lambda$execute$0(AssignMutableWorkspaceStep.java:35)
	at org.gradle.api.internal.tasks.execution.TaskExecution$4.withWorkspace(TaskExecution.java:289)
	at org.gradle.internal.execution.steps.AssignMutableWorkspaceStep.execute(AssignMutableWorkspaceStep.java:31)
	at org.gradle.internal.execution.steps.AssignMutableWorkspaceStep.execute(AssignMutableWorkspaceStep.java:22)
	at org.gradle.internal.execution.steps.ChoosePipelineStep.execute(ChoosePipelineStep.java:40)
	at org.gradle.internal.execution.steps.ChoosePipelineStep.execute(ChoosePipelineStep.java:23)
	at org.gradle.internal.execution.steps.ExecuteWorkBuildOperationFiringStep.lambda$execute$2(ExecuteWorkBuildOperationFiringStep.java:67)
	at java.base/java.util.Optional.orElseGet(Optional.java:364)
	at org.gradle.internal.execution.steps.ExecuteWorkBuildOperationFiringStep.execute(ExecuteWorkBuildOperationFiringStep.java:67)
	at org.gradle.internal.execution.steps.ExecuteWorkBuildOperationFiringStep.execute(ExecuteWorkBuildOperationFiringStep.java:39)
	at org.gradle.internal.execution.steps.IdentityCacheStep.execute(IdentityCacheStep.java:46)
	at org.gradle.internal.execution.steps.IdentityCacheStep.execute(IdentityCacheStep.java:34)
	at org.gradle.internal.execution.steps.IdentifyStep.execute(IdentifyStep.java:48)
	at org.gradle.internal.execution.steps.IdentifyStep.execute(IdentifyStep.java:35)
	at org.gradle.internal.execution.impl.DefaultExecutionEngine$1.execute(DefaultExecutionEngine.java:61)
	at org.gradle.api.internal.tasks.execution.ExecuteActionsTaskExecuter.executeIfValid(ExecuteActionsTaskExecuter.java:127)
	at org.gradle.api.internal.tasks.execution.ExecuteActionsTaskExecuter.execute(ExecuteActionsTaskExecuter.java:116)
	at org.gradle.api.internal.tasks.execution.FinalizePropertiesTaskExecuter.execute(FinalizePropertiesTaskExecuter.java:46)
	at org.gradle.api.internal.tasks.execution.ResolveTaskExecutionModeExecuter.execute(ResolveTaskExecutionModeExecuter.java:51)
	at org.gradle.api.internal.tasks.execution.SkipTaskWithNoActionsExecuter.execute(SkipTaskWithNoActionsExecuter.java:57)
	at org.gradle.api.internal.tasks.execution.SkipOnlyIfTaskExecuter.execute(SkipOnlyIfTaskExecuter.java:74)
	at org.gradle.api.internal.tasks.execution.CatchExceptionTaskExecuter.execute(CatchExceptionTaskExecuter.java:36)
	at org.gradle.api.internal.tasks.execution.EventFiringTaskExecuter$1.executeTask(EventFiringTaskExecuter.java:77)
	at org.gradle.api.internal.tasks.execution.EventFiringTaskExecuter$1.call(EventFiringTaskExecuter.java:55)
	at org.gradle.api.internal.tasks.execution.EventFiringTaskExecuter$1.call(EventFiringTaskExecuter.java:52)
	at org.gradle.internal.operations.DefaultBuildOperationRunner$CallableBuildOperationWorker.execute(DefaultBuildOperationRunner.java:209)
	at org.gradle.internal.operations.DefaultBuildOperationRunner$CallableBuildOperationWorker.execute(DefaultBuildOperationRunner.java:204)
	at org.gradle.internal.operations.DefaultBuildOperationRunner$2.execute(DefaultBuildOperationRunner.java:66)
	at org.gradle.internal.operations.DefaultBuildOperationRunner$2.execute(DefaultBuildOperationRunner.java:59)
	at org.gradle.internal.operations.DefaultBuildOperationRunner.execute(DefaultBuildOperationRunner.java:166)
	at org.gradle.internal.operations.DefaultBuildOperationRunner.execute(DefaultBuildOperationRunner.java:59)
	at org.gradle.internal.operations.DefaultBuildOperationRunner.call(DefaultBuildOperationRunner.java:53)
	at org.gradle.api.internal.tasks.execution.EventFiringTaskExecuter.execute(EventFiringTaskExecuter.java:52)
	at org.gradle.execution.plan.LocalTaskNodeExecutor.execute(LocalTaskNodeExecutor.java:42)
	at org.gradle.execution.taskgraph.DefaultTaskExecutionGraph$InvokeNodeExecutorsAction.execute(DefaultTaskExecutionGraph.java:331)
	at org.gradle.execution.taskgraph.DefaultTaskExecutionGraph$InvokeNodeExecutorsAction.execute(DefaultTaskExecutionGraph.java:318)
	at org.gradle.execution.taskgraph.DefaultTaskExecutionGraph$BuildOperationAwareExecutionAction.lambda$execute$0(DefaultTaskExecutionGraph.java:314)
	at org.gradle.internal.operations.CurrentBuildOperationRef.with(CurrentBuildOperationRef.java:85)
	at org.gradle.execution.taskgraph.DefaultTaskExecutionGraph$BuildOperationAwareExecutionAction.execute(DefaultTaskExecutionGraph.java:314)
	at org.gradle.execution.taskgraph.DefaultTaskExecutionGraph$BuildOperationAwareExecutionAction.execute(DefaultTaskExecutionGraph.java:303)
	at org.gradle.execution.plan.DefaultPlanExecutor$ExecutorWorker.execute(DefaultPlanExecutor.java:459)
	at org.gradle.execution.plan.DefaultPlanExecutor$ExecutorWorker.run(DefaultPlanExecutor.java:376)
	at org.gradle.internal.concurrent.ExecutorPolicy$CatchAndRecordFailures.onExecute(ExecutorPolicy.java:64)
	at org.gradle.internal.concurrent.AbstractManagedExecutor$1.run(AbstractManagedExecutor.java:48)
	at java.base/java.util.concurrent.ThreadPoolExecutor.runWorker(ThreadPoolExecutor.java:1136)
	at java.base/java.util.concurrent.ThreadPoolExecutor$Worker.run(ThreadPoolExecutor.java:635)
	at java.base/java.lang.Thread.run(Thread.java:840)
Caused by: org.gradle.internal.resolve.ArtifactResolveException: Could not download kotlin-stdlib-jdk8-1.8.20.jar (org.jetbrains.kotlin:kotlin-stdlib-jdk8:1.8.20)
	at org.gradle.api.internal.artifacts.repositories.resolver.ExternalResourceResolver$RemoteRepositoryAccess.resolveArtifact(ExternalResourceResolver.java:484)
	at org.gradle.api.internal.artifacts.ivyservice.ivyresolve.CachingModuleComponentRepository$ResolveAndCacheRepositoryAccess.resolveArtifact(CachingModuleComponentRepository.java:463)
	at org.gradle.api.internal.artifacts.ivyservice.ivyresolve.ErrorHandlingModuleComponentRepository$ErrorHandlingModuleComponentRepositoryAccess.lambda$resolveArtifact$12(ErrorHandlingModuleComponentRepository.java:169)
	at org.gradle.api.internal.artifacts.ivyservice.ivyresolve.ErrorHandlingModuleComponentRepository$ErrorHandlingModuleComponentRepositoryAccess.tryResolveAndMaybeDisable(ErrorHandlingModuleComponentRepository.java:236)
	at org.gradle.api.internal.artifacts.ivyservice.ivyresolve.ErrorHandlingModuleComponentRepository$ErrorHandlingModuleComponentRepositoryAccess.performOperationWithRetries(ErrorHandlingModuleComponentRepository.java:193)
	at org.gradle.api.internal.artifacts.ivyservice.ivyresolve.ErrorHandlingModuleComponentRepository$ErrorHandlingModuleComponentRepositoryAccess.resolveArtifact(ErrorHandlingModuleComponentRepository.java:167)
	at org.gradle.api.internal.artifacts.ivyservice.ivyresolve.RepositoryChainArtifactResolver.resolveArtifactLater(RepositoryChainArtifactResolver.java:75)
	at org.gradle.api.internal.artifacts.ivyservice.ivyresolve.RepositoryChainArtifactResolver.lambda$resolveArtifact$0(RepositoryChainArtifactResolver.java:63)
	at org.gradle.internal.model.CalculatedValueContainerFactory$SupplierBackedCalculator.calculateValue(CalculatedValueContainerFactory.java:78)
	at org.gradle.internal.model.CalculatedValueContainer$CalculationState.lambda$attachValue$0(CalculatedValueContainer.java:228)
	at org.gradle.internal.Try.ofFailable(Try.java:50)
	at org.gradle.internal.model.CalculatedValueContainer$CalculationState.attachValue(CalculatedValueContainer.java:223)
	at org.gradle.internal.model.CalculatedValueContainer.finalizeIfNotAlready(CalculatedValueContainer.java:194)
	at org.gradle.internal.model.CalculatedValueContainer.finalizeIfNotAlready(CalculatedValueContainer.java:185)
	at org.gradle.api.internal.artifacts.transform.TransformingAsyncArtifactListener$TransformedArtifact.finalizeValue(TransformingAsyncArtifactListener.java:193)
	at org.gradle.api.internal.artifacts.transform.TransformingAsyncArtifactListener$TransformedArtifact.run(TransformingAsyncArtifactListener.java:147)
	at org.gradle.internal.operations.DefaultBuildOperationRunner$2.execute(DefaultBuildOperationRunner.java:66)
	at org.gradle.internal.operations.DefaultBuildOperationRunner$2.execute(DefaultBuildOperationRunner.java:59)
	at org.gradle.internal.operations.DefaultBuildOperationRunner.execute(DefaultBuildOperationRunner.java:166)
	at org.gradle.internal.operations.DefaultBuildOperationRunner.execute(DefaultBuildOperationRunner.java:59)
	at org.gradle.internal.operations.DefaultBuildOperationExecutor$QueueWorker.execute(DefaultBuildOperationExecutor.java:161)
	at org.gradle.internal.operations.DefaultBuildOperationQueue$WorkerRunnable.runOperation(DefaultBuildOperationQueue.java:272)
	at org.gradle.internal.operations.DefaultBuildOperationQueue$WorkerRunnable.doRunBatch(DefaultBuildOperationQueue.java:253)
	at org.gradle.internal.operations.DefaultBuildOperationQueue$WorkerRunnable.lambda$runBatch$0(DefaultBuildOperationQueue.java:238)
	at org.gradle.internal.resources.AbstractResourceLockRegistry.whileDisallowingLockChanges(AbstractResourceLockRegistry.java:50)
	at org.gradle.internal.work.DefaultWorkerLeaseService.whileDisallowingProjectLockChanges(DefaultWorkerLeaseService.java:239)
	at org.gradle.internal.operations.DefaultBuildOperationQueue$WorkerRunnable.lambda$runBatch$1(DefaultBuildOperationQueue.java:238)
	at org.gradle.internal.work.DefaultWorkerLeaseService.withLocks(DefaultWorkerLeaseService.java:267)
	at org.gradle.internal.work.DefaultWorkerLeaseService.runAsWorkerThread(DefaultWorkerLeaseService.java:131)
	at org.gradle.internal.operations.DefaultBuildOperationQueue$WorkerRunnable.runBatch(DefaultBuildOperationQueue.java:224)
	at org.gradle.internal.operations.DefaultBuildOperationQueue$WorkerRunnable.run(DefaultBuildOperationQueue.java:192)
	... 5 more
Caused by: org.gradle.api.resources.ResourceException: Could not get resource 'https://repo.maven.apache.org/maven2/org/jetbrains/kotlin/kotlin-stdlib-jdk8/1.8.20/kotlin-stdlib-jdk8-1.8.20.jar'.
	at org.gradle.internal.resource.ResourceExceptions.failure(ResourceExceptions.java:74)
	at org.gradle.internal.resource.ResourceExceptions.getFailed(ResourceExceptions.java:57)
	at org.gradle.api.internal.artifacts.repositories.resolver.DefaultExternalResourceArtifactResolver.downloadByCoords(DefaultExternalResourceArtifactResolver.java:154)
	at org.gradle.api.internal.artifacts.repositories.resolver.DefaultExternalResourceArtifactResolver.downloadStaticResource(DefaultExternalResourceArtifactResolver.java:94)
	at org.gradle.api.internal.artifacts.repositories.resolver.DefaultExternalResourceArtifactResolver.resolveArtifact(DefaultExternalResourceArtifactResolver.java:62)
	at org.gradle.api.internal.artifacts.repositories.resolver.ExternalResourceResolver$RemoteRepositoryAccess.resolveArtifact(ExternalResourceResolver.java:477)
	... 35 more
Caused by: org.gradle.internal.resource.transport.http.HttpErrorStatusCodeException: Could not GET 'https://repo.maven.apache.org/maven2/org/jetbrains/kotlin/kotlin-stdlib-jdk8/1.8.20/kotlin-stdlib-jdk8-1.8.20.jar'. Received status code 429 from server: Too Many Requests
	at org.gradle.internal.resource.transport.http.HttpClientHelper.processResponse(HttpClientHelper.java:251)
	at org.gradle.internal.resource.transport.http.HttpClientHelper.performGet(HttpClientHelper.java:105)
	at org.gradle.internal.resource.transport.http.HttpResourceAccessor.openResource(HttpResourceAccessor.java:45)
	at org.gradle.internal.resource.transport.http.HttpResourceAccessor.openResource(HttpResourceAccessor.java:30)
	at org.gradle.internal.resource.transfer.AbstractExternalResourceAccessor.withContent(AbstractExternalResourceAccessor.java:32)
	at org.gradle.internal.resource.transfer.DefaultExternalResourceConnector.withContent(DefaultExternalResourceConnector.java:59)
	at org.gradle.internal.resource.transfer.ProgressLoggingExternalResourceAccessor$DownloadOperation.call(ProgressLoggingExternalResourceAccessor.java:123)
	at org.gradle.internal.operations.DefaultBuildOperationRunner$CallableBuildOperationWorker.execute(DefaultBuildOperationRunner.java:209)
	at org.gradle.internal.operations.DefaultBuildOperationRunner$CallableBuildOperationWorker.execute(DefaultBuildOperationRunner.java:204)
	at org.gradle.internal.operations.DefaultBuildOperationRunner$2.execute(DefaultBuildOperationRunner.java:66)
	at org.gradle.internal.operations.DefaultBuildOperationRunner$2.execute(DefaultBuildOperationRunner.java:59)
	at org.gradle.internal.operations.DefaultBuildOperationRunner.execute(DefaultBuildOperationRunner.java:166)
	at org.gradle.internal.operations.DefaultBuildOperationRunner.execute(DefaultBuildOperationRunner.java:59)
	at org.gradle.internal.operations.DefaultBuildOperationRunner.call(DefaultBuildOperationRunner.java:53)
	at org.gradle.internal.resource.transfer.ProgressLoggingExternalResourceAccessor.withContent(ProgressLoggingExternalResourceAccessor.java:46)
	at org.gradle.internal.resource.transfer.AccessorBackedExternalResource.withContentIfPresent(AccessorBackedExternalResource.java:103)
	at org.gradle.internal.resource.transfer.DefaultCacheAwareExternalResourceAccessor.copyToCache(DefaultCacheAwareExternalResourceAccessor.java:188)
	at org.gradle.internal.resource.transfer.DefaultCacheAwareExternalResourceAccessor.lambda$getResource$1(DefaultCacheAwareExternalResourceAccessor.java:86)
	at org.gradle.cache.internal.ProducerGuard$AdaptiveProducerGuard.guardByKey(ProducerGuard.java:97)
	at org.gradle.internal.resource.transfer.DefaultCacheAwareExternalResourceAccessor.getResource(DefaultCacheAwareExternalResourceAccessor.java:80)
	at org.gradle.api.internal.artifacts.repositories.resolver.DefaultExternalResourceArtifactResolver.downloadByCoords(DefaultExternalResourceArtifactResolver.java:149)
	... 38 more
Cause 6: org.gradle.api.internal.artifacts.transform.TransformException: Failed to transform kotlin-stdlib-jdk7-1.8.20.jar (org.jetbrains.kotlin:kotlin-stdlib-jdk7:1.8.20) to match attributes {artifactType=android-java-res, org.gradle.category=library, org.gradle.libraryelements=jar, org.gradle.status=release, org.gradle.usage=java-runtime}.
	at org.gradle.api.internal.artifacts.transform.TransformingAsyncArtifactListener$TransformedArtifact.lambda$visit$4(TransformingAsyncArtifactListener.java:243)
	at org.gradle.internal.Try$Failure.ifSuccessfulOrElse(Try.java:293)
	at org.gradle.api.internal.artifacts.transform.TransformingAsyncArtifactListener$TransformedArtifact.visit(TransformingAsyncArtifactListener.java:235)
	at org.gradle.api.internal.artifacts.ivyservice.resolveengine.artifact.ParallelResolveArtifactSet$VisitingSet$StartVisitAction.visitResults(ParallelResolveArtifactSet.java:100)
	at org.gradle.api.internal.artifacts.ivyservice.resolveengine.artifact.ParallelResolveArtifactSet$VisitingSet.visit(ParallelResolveArtifactSet.java:69)
	at org.gradle.api.internal.artifacts.ivyservice.resolveengine.artifact.ResolvedArtifactSetResolver$1.run(ResolvedArtifactSetResolver.java:65)
	at org.gradle.internal.operations.DefaultBuildOperationRunner$1.execute(DefaultBuildOperationRunner.java:29)
	at org.gradle.internal.operations.DefaultBuildOperationRunner$1.execute(DefaultBuildOperationRunner.java:26)
	at org.gradle.internal.operations.DefaultBuildOperationRunner$2.execute(DefaultBuildOperationRunner.java:66)
	at org.gradle.internal.operations.DefaultBuildOperationRunner$2.execute(DefaultBuildOperationRunner.java:59)
	at org.gradle.internal.operations.DefaultBuildOperationRunner.execute(DefaultBuildOperationRunner.java:166)
	at org.gradle.internal.operations.DefaultBuildOperationRunner.execute(DefaultBuildOperationRunner.java:59)
	at org.gradle.internal.operations.DefaultBuildOperationRunner.run(DefaultBuildOperationRunner.java:47)
	at org.gradle.api.internal.artifacts.ivyservice.resolveengine.artifact.ResolvedArtifactSetResolver.visitArtifacts(ResolvedArtifactSetResolver.java:62)
	at org.gradle.api.internal.artifacts.ivyservice.resolveengine.artifact.ResolvedArtifactSetResolver.lambda$visitInUnmanagedWorkerThread$0(ResolvedArtifactSetResolver.java:58)
	at org.gradle.internal.work.DefaultWorkerLeaseService.runAsUnmanagedWorkerThread(DefaultWorkerLeaseService.java:143)
	at org.gradle.api.internal.artifacts.ivyservice.resolveengine.artifact.ResolvedArtifactSetResolver.visitInUnmanagedWorkerThread(ResolvedArtifactSetResolver.java:58)
	at org.gradle.api.internal.artifacts.ivyservice.resolveengine.artifact.DefaultSelectedArtifactSet.visitArtifacts(DefaultSelectedArtifactSet.java:59)
	at org.gradle.api.internal.artifacts.ivyservice.resolveengine.artifact.SelectedArtifactSet.visitFiles(SelectedArtifactSet.java:34)
	at org.gradle.api.internal.artifacts.configurations.ResolutionBackedFileCollection.visitContents(ResolutionBackedFileCollection.java:73)
	at org.gradle.api.internal.file.AbstractFileCollection.visitStructure(AbstractFileCollection.java:360)
	at org.gradle.api.internal.file.CompositeFileCollection.lambda$visitContents$0(CompositeFileCollection.java:113)
	at org.gradle.api.internal.file.collections.UnpackingVisitor.add(UnpackingVisitor.java:67)
	at org.gradle.api.internal.file.collections.DefaultConfigurableFileCollection$UnresolvedItemsCollector.visitContents(DefaultConfigurableFileCollection.java:594)
	at org.gradle.api.internal.file.collections.DefaultConfigurableFileCollection.visitChildren(DefaultConfigurableFileCollection.java:416)
	at org.gradle.api.internal.file.CompositeFileCollection.visitContents(CompositeFileCollection.java:113)
	at org.gradle.api.internal.file.AbstractFileCollection.visitStructure(AbstractFileCollection.java:360)
	at org.gradle.api.internal.file.collections.DefaultConfigurableFileCollection.lambda$calculateFinalizedValue$1(DefaultConfigurableFileCollection.java:391)
	at org.gradle.api.internal.file.collections.UnpackingVisitor.add(UnpackingVisitor.java:67)
	at org.gradle.api.internal.file.collections.DefaultConfigurableFileCollection$UnresolvedItemsCollector.visitContents(DefaultConfigurableFileCollection.java:594)
	at org.gradle.api.internal.file.collections.DefaultConfigurableFileCollection.calculateFinalizedValue(DefaultConfigurableFileCollection.java:391)
	at org.gradle.api.internal.file.collections.DefaultConfigurableFileCollection.finalizeNow(DefaultConfigurableFileCollection.java:120)
	at org.gradle.api.internal.file.collections.DefaultConfigurableFileCollection.lambda$visitChildren$2(DefaultConfigurableFileCollection.java:415)
	at org.gradle.api.internal.provider.ValueState.finalizeOnReadIfNeeded(ValueState.java:139)
	at org.gradle.api.internal.file.collections.DefaultConfigurableFileCollection.visitChildren(DefaultConfigurableFileCollection.java:415)
	at org.gradle.api.internal.file.CompositeFileCollection.visitContents(CompositeFileCollection.java:113)
	at org.gradle.api.internal.file.AbstractFileCollection.visitStructure(AbstractFileCollection.java:360)
	at org.gradle.api.internal.file.CompositeFileCollection.lambda$visitContents$0(CompositeFileCollection.java:113)
	at org.gradle.api.internal.file.collections.UnpackingVisitor.add(UnpackingVisitor.java:67)
	at org.gradle.api.internal.file.collections.UnpackingVisitor.add(UnpackingVisitor.java:92)
	at org.gradle.api.internal.file.DefaultFileCollectionFactory$ResolvingFileCollection.visitChildren(DefaultFileCollectionFactory.java:306)
	at org.gradle.api.internal.file.CompositeFileCollection.visitContents(CompositeFileCollection.java:113)
	at org.gradle.api.internal.file.AbstractFileCollection.visitStructure(AbstractFileCollection.java:360)
	at org.gradle.api.internal.file.CompositeFileCollection.lambda$visitContents$0(CompositeFileCollection.java:113)
	at org.gradle.api.internal.tasks.PropertyFileCollection.visitChildren(PropertyFileCollection.java:48)
	at org.gradle.api.internal.file.CompositeFileCollection.visitContents(CompositeFileCollection.java:113)
	at org.gradle.api.internal.file.AbstractFileCollection.visitStructure(AbstractFileCollection.java:360)
	at org.gradle.internal.fingerprint.impl.DefaultFileCollectionSnapshotter.snapshot(DefaultFileCollectionSnapshotter.java:47)
	at org.gradle.internal.execution.impl.DefaultInputFingerprinter$InputCollectingVisitor.visitInputFileProperty(DefaultInputFingerprinter.java:133)
	at org.gradle.api.internal.tasks.execution.TaskExecution.visitRegularInputs(TaskExecution.java:324)
	at org.gradle.internal.execution.impl.DefaultInputFingerprinter.fingerprintInputProperties(DefaultInputFingerprinter.java:63)
	at org.gradle.internal.execution.steps.AbstractCaptureStateBeforeExecutionStep.captureExecutionStateWithOutputs(AbstractCaptureStateBeforeExecutionStep.java:109)
	at org.gradle.internal.execution.steps.AbstractCaptureStateBeforeExecutionStep.lambda$captureExecutionState$0(AbstractCaptureStateBeforeExecutionStep.java:74)
	at org.gradle.internal.execution.steps.BuildOperationStep$1.call(BuildOperationStep.java:37)
	at org.gradle.internal.operations.DefaultBuildOperationRunner$CallableBuildOperationWorker.execute(DefaultBuildOperationRunner.java:209)
	at org.gradle.internal.operations.DefaultBuildOperationRunner$CallableBuildOperationWorker.execute(DefaultBuildOperationRunner.java:204)
	at org.gradle.internal.operations.DefaultBuildOperationRunner$2.execute(DefaultBuildOperationRunner.java:66)
	at org.gradle.internal.operations.DefaultBuildOperationRunner$2.execute(DefaultBuildOperationRunner.java:59)
	at org.gradle.internal.operations.DefaultBuildOperationRunner.execute(DefaultBuildOperationRunner.java:166)
	at org.gradle.internal.operations.DefaultBuildOperationRunner.execute(DefaultBuildOperationRunner.java:59)
	at org.gradle.internal.operations.DefaultBuildOperationRunner.call(DefaultBuildOperationRunner.java:53)
	at org.gradle.internal.execution.steps.BuildOperationStep.operation(BuildOperationStep.java:34)
	at org.gradle.internal.execution.steps.AbstractCaptureStateBeforeExecutionStep.captureExecutionState(AbstractCaptureStateBeforeExecutionStep.java:69)
	at org.gradle.internal.execution.steps.AbstractCaptureStateBeforeExecutionStep.execute(AbstractCaptureStateBeforeExecutionStep.java:62)
	at org.gradle.internal.execution.steps.AbstractCaptureStateBeforeExecutionStep.execute(AbstractCaptureStateBeforeExecutionStep.java:43)
	at org.gradle.internal.execution.steps.AbstractSkipEmptyWorkStep.executeWithNonEmptySources(AbstractSkipEmptyWorkStep.java:125)
	at org.gradle.internal.execution.steps.AbstractSkipEmptyWorkStep.execute(AbstractSkipEmptyWorkStep.java:56)
	at org.gradle.internal.execution.steps.AbstractSkipEmptyWorkStep.execute(AbstractSkipEmptyWorkStep.java:36)
	at org.gradle.internal.execution.steps.legacy.MarkSnapshottingInputsStartedStep.execute(MarkSnapshottingInputsStartedStep.java:38)
	at org.gradle.internal.execution.steps.LoadPreviousExecutionStateStep.execute(LoadPreviousExecutionStateStep.java:36)
	at org.gradle.internal.execution.steps.LoadPreviousExecutionStateStep.execute(LoadPreviousExecutionStateStep.java:23)
	at org.gradle.internal.execution.steps.HandleStaleOutputsStep.execute(HandleStaleOutputsStep.java:75)
	at org.gradle.internal.execution.steps.HandleStaleOutputsStep.execute(HandleStaleOutputsStep.java:41)
	at org.gradle.internal.execution.steps.AssignMutableWorkspaceStep.lambda$execute$0(AssignMutableWorkspaceStep.java:35)
	at org.gradle.api.internal.tasks.execution.TaskExecution$4.withWorkspace(TaskExecution.java:289)
	at org.gradle.internal.execution.steps.AssignMutableWorkspaceStep.execute(AssignMutableWorkspaceStep.java:31)
	at org.gradle.internal.execution.steps.AssignMutableWorkspaceStep.execute(AssignMutableWorkspaceStep.java:22)
	at org.gradle.internal.execution.steps.ChoosePipelineStep.execute(ChoosePipelineStep.java:40)
	at org.gradle.internal.execution.steps.ChoosePipelineStep.execute(ChoosePipelineStep.java:23)
	at org.gradle.internal.execution.steps.ExecuteWorkBuildOperationFiringStep.lambda$execute$2(ExecuteWorkBuildOperationFiringStep.java:67)
	at java.base/java.util.Optional.orElseGet(Optional.java:364)
	at org.gradle.internal.execution.steps.ExecuteWorkBuildOperationFiringStep.execute(ExecuteWorkBuildOperationFiringStep.java:67)
	at org.gradle.internal.execution.steps.ExecuteWorkBuildOperationFiringStep.execute(ExecuteWorkBuildOperationFiringStep.java:39)
	at org.gradle.internal.execution.steps.IdentityCacheStep.execute(IdentityCacheStep.java:46)
	at org.gradle.internal.execution.steps.IdentityCacheStep.execute(IdentityCacheStep.java:34)
	at org.gradle.internal.execution.steps.IdentifyStep.execute(IdentifyStep.java:48)
	at org.gradle.internal.execution.steps.IdentifyStep.execute(IdentifyStep.java:35)
	at org.gradle.internal.execution.impl.DefaultExecutionEngine$1.execute(DefaultExecutionEngine.java:61)
	at org.gradle.api.internal.tasks.execution.ExecuteActionsTaskExecuter.executeIfValid(ExecuteActionsTaskExecuter.java:127)
	at org.gradle.api.internal.tasks.execution.ExecuteActionsTaskExecuter.execute(ExecuteActionsTaskExecuter.java:116)
	at org.gradle.api.internal.tasks.execution.FinalizePropertiesTaskExecuter.execute(FinalizePropertiesTaskExecuter.java:46)
	at org.gradle.api.internal.tasks.execution.ResolveTaskExecutionModeExecuter.execute(ResolveTaskExecutionModeExecuter.java:51)
	at org.gradle.api.internal.tasks.execution.SkipTaskWithNoActionsExecuter.execute(SkipTaskWithNoActionsExecuter.java:57)
	at org.gradle.api.internal.tasks.execution.SkipOnlyIfTaskExecuter.execute(SkipOnlyIfTaskExecuter.java:74)
	at org.gradle.api.internal.tasks.execution.CatchExceptionTaskExecuter.execute(CatchExceptionTaskExecuter.java:36)
	at org.gradle.api.internal.tasks.execution.EventFiringTaskExecuter$1.executeTask(EventFiringTaskExecuter.java:77)
	at org.gradle.api.internal.tasks.execution.EventFiringTaskExecuter$1.call(EventFiringTaskExecuter.java:55)
	at org.gradle.api.internal.tasks.execution.EventFiringTaskExecuter$1.call(EventFiringTaskExecuter.java:52)
	at org.gradle.internal.operations.DefaultBuildOperationRunner$CallableBuildOperationWorker.execute(DefaultBuildOperationRunner.java:209)
	at org.gradle.internal.operations.DefaultBuildOperationRunner$CallableBuildOperationWorker.execute(DefaultBuildOperationRunner.java:204)
	at org.gradle.internal.operations.DefaultBuildOperationRunner$2.execute(DefaultBuildOperationRunner.java:66)
	at org.gradle.internal.operations.DefaultBuildOperationRunner$2.execute(DefaultBuildOperationRunner.java:59)
	at org.gradle.internal.operations.DefaultBuildOperationRunner.execute(DefaultBuildOperationRunner.java:166)
	at org.gradle.internal.operations.DefaultBuildOperationRunner.execute(DefaultBuildOperationRunner.java:59)
	at org.gradle.internal.operations.DefaultBuildOperationRunner.call(DefaultBuildOperationRunner.java:53)
	at org.gradle.api.internal.tasks.execution.EventFiringTaskExecuter.execute(EventFiringTaskExecuter.java:52)
	at org.gradle.execution.plan.LocalTaskNodeExecutor.execute(LocalTaskNodeExecutor.java:42)
	at org.gradle.execution.taskgraph.DefaultTaskExecutionGraph$InvokeNodeExecutorsAction.execute(DefaultTaskExecutionGraph.java:331)
	at org.gradle.execution.taskgraph.DefaultTaskExecutionGraph$InvokeNodeExecutorsAction.execute(DefaultTaskExecutionGraph.java:318)
	at org.gradle.execution.taskgraph.DefaultTaskExecutionGraph$BuildOperationAwareExecutionAction.lambda$execute$0(DefaultTaskExecutionGraph.java:314)
	at org.gradle.internal.operations.CurrentBuildOperationRef.with(CurrentBuildOperationRef.java:85)
	at org.gradle.execution.taskgraph.DefaultTaskExecutionGraph$BuildOperationAwareExecutionAction.execute(DefaultTaskExecutionGraph.java:314)
	at org.gradle.execution.taskgraph.DefaultTaskExecutionGraph$BuildOperationAwareExecutionAction.execute(DefaultTaskExecutionGraph.java:303)
	at org.gradle.execution.plan.DefaultPlanExecutor$ExecutorWorker.execute(DefaultPlanExecutor.java:459)
	at org.gradle.execution.plan.DefaultPlanExecutor$ExecutorWorker.run(DefaultPlanExecutor.java:376)
	at org.gradle.internal.concurrent.ExecutorPolicy$CatchAndRecordFailures.onExecute(ExecutorPolicy.java:64)
	at org.gradle.internal.concurrent.AbstractManagedExecutor$1.run(AbstractManagedExecutor.java:48)
	at java.base/java.util.concurrent.ThreadPoolExecutor.runWorker(ThreadPoolExecutor.java:1136)
	at java.base/java.util.concurrent.ThreadPoolExecutor$Worker.run(ThreadPoolExecutor.java:635)
	at java.base/java.lang.Thread.run(Thread.java:840)
Caused by: org.gradle.internal.resolve.ArtifactResolveException: Could not download kotlin-stdlib-jdk7-1.8.20.jar (org.jetbrains.kotlin:kotlin-stdlib-jdk7:1.8.20)
	at org.gradle.api.internal.artifacts.repositories.resolver.ExternalResourceResolver$RemoteRepositoryAccess.resolveArtifact(ExternalResourceResolver.java:484)
	at org.gradle.api.internal.artifacts.ivyservice.ivyresolve.CachingModuleComponentRepository$ResolveAndCacheRepositoryAccess.resolveArtifact(CachingModuleComponentRepository.java:463)
	at org.gradle.api.internal.artifacts.ivyservice.ivyresolve.ErrorHandlingModuleComponentRepository$ErrorHandlingModuleComponentRepositoryAccess.lambda$resolveArtifact$12(ErrorHandlingModuleComponentRepository.java:169)
	at org.gradle.api.internal.artifacts.ivyservice.ivyresolve.ErrorHandlingModuleComponentRepository$ErrorHandlingModuleComponentRepositoryAccess.tryResolveAndMaybeDisable(ErrorHandlingModuleComponentRepository.java:236)
	at org.gradle.api.internal.artifacts.ivyservice.ivyresolve.ErrorHandlingModuleComponentRepository$ErrorHandlingModuleComponentRepositoryAccess.performOperationWithRetries(ErrorHandlingModuleComponentRepository.java:193)
	at org.gradle.api.internal.artifacts.ivyservice.ivyresolve.ErrorHandlingModuleComponentRepository$ErrorHandlingModuleComponentRepositoryAccess.resolveArtifact(ErrorHandlingModuleComponentRepository.java:167)
	at org.gradle.api.internal.artifacts.ivyservice.ivyresolve.RepositoryChainArtifactResolver.resolveArtifactLater(RepositoryChainArtifactResolver.java:75)
	at org.gradle.api.internal.artifacts.ivyservice.ivyresolve.RepositoryChainArtifactResolver.lambda$resolveArtifact$0(RepositoryChainArtifactResolver.java:63)
	at org.gradle.internal.model.CalculatedValueContainerFactory$SupplierBackedCalculator.calculateValue(CalculatedValueContainerFactory.java:78)
	at org.gradle.internal.model.CalculatedValueContainer$CalculationState.lambda$attachValue$0(CalculatedValueContainer.java:228)
	at org.gradle.internal.Try.ofFailable(Try.java:50)
	at org.gradle.internal.model.CalculatedValueContainer$CalculationState.attachValue(CalculatedValueContainer.java:223)
	at org.gradle.internal.model.CalculatedValueContainer.finalizeIfNotAlready(CalculatedValueContainer.java:194)
	at org.gradle.internal.model.CalculatedValueContainer.finalizeIfNotAlready(CalculatedValueContainer.java:185)
	at org.gradle.api.internal.artifacts.transform.TransformingAsyncArtifactListener$TransformedArtifact.finalizeValue(TransformingAsyncArtifactListener.java:193)
	at org.gradle.api.internal.artifacts.transform.TransformingAsyncArtifactListener$TransformedArtifact.run(TransformingAsyncArtifactListener.java:147)
	at org.gradle.internal.operations.DefaultBuildOperationRunner$2.execute(DefaultBuildOperationRunner.java:66)
	at org.gradle.internal.operations.DefaultBuildOperationRunner$2.execute(DefaultBuildOperationRunner.java:59)
	at org.gradle.internal.operations.DefaultBuildOperationRunner.execute(DefaultBuildOperationRunner.java:166)
	at org.gradle.internal.operations.DefaultBuildOperationRunner.execute(DefaultBuildOperationRunner.java:59)
	at org.gradle.internal.operations.DefaultBuildOperationExecutor$QueueWorker.execute(DefaultBuildOperationExecutor.java:161)
	at org.gradle.internal.operations.DefaultBuildOperationQueue$WorkerRunnable.runOperation(DefaultBuildOperationQueue.java:272)
	at org.gradle.internal.operations.DefaultBuildOperationQueue$WorkerRunnable.doRunBatch(DefaultBuildOperationQueue.java:253)
	at org.gradle.internal.operations.DefaultBuildOperationQueue$WorkerRunnable.lambda$runBatch$0(DefaultBuildOperationQueue.java:238)
	at org.gradle.internal.resources.AbstractResourceLockRegistry.whileDisallowingLockChanges(AbstractResourceLockRegistry.java:50)
	at org.gradle.internal.work.DefaultWorkerLeaseService.whileDisallowingProjectLockChanges(DefaultWorkerLeaseService.java:239)
	at org.gradle.internal.operations.DefaultBuildOperationQueue$WorkerRunnable.lambda$runBatch$1(DefaultBuildOperationQueue.java:238)
	at org.gradle.internal.work.DefaultWorkerLeaseService.withLocks(DefaultWorkerLeaseService.java:267)
	at org.gradle.internal.work.DefaultWorkerLeaseService.runAsWorkerThread(DefaultWorkerLeaseService.java:131)
	at org.gradle.internal.operations.DefaultBuildOperationQueue$WorkerRunnable.runBatch(DefaultBuildOperationQueue.java:224)
	at org.gradle.internal.operations.DefaultBuildOperationQueue$WorkerRunnable.run(DefaultBuildOperationQueue.java:192)
	... 5 more
Caused by: org.gradle.api.resources.ResourceException: Could not get resource 'https://repo.maven.apache.org/maven2/org/jetbrains/kotlin/kotlin-stdlib-jdk7/1.8.20/kotlin-stdlib-jdk7-1.8.20.jar'.
	at org.gradle.internal.resource.ResourceExceptions.failure(ResourceExceptions.java:74)
	at org.gradle.internal.resource.ResourceExceptions.getFailed(ResourceExceptions.java:57)
	at org.gradle.api.internal.artifacts.repositories.resolver.DefaultExternalResourceArtifactResolver.downloadByCoords(DefaultExternalResourceArtifactResolver.java:154)
	at org.gradle.api.internal.artifacts.repositories.resolver.DefaultExternalResourceArtifactResolver.downloadStaticResource(DefaultExternalResourceArtifactResolver.java:94)
	at org.gradle.api.internal.artifacts.repositories.resolver.DefaultExternalResourceArtifactResolver.resolveArtifact(DefaultExternalResourceArtifactResolver.java:62)
	at org.gradle.api.internal.artifacts.repositories.resolver.ExternalResourceResolver$RemoteRepositoryAccess.resolveArtifact(ExternalResourceResolver.java:477)
	... 35 more
Caused by: org.gradle.internal.resource.transport.http.HttpErrorStatusCodeException: Could not GET 'https://repo.maven.apache.org/maven2/org/jetbrains/kotlin/kotlin-stdlib-jdk7/1.8.20/kotlin-stdlib-jdk7-1.8.20.jar'. Received status code 429 from server: Too Many Requests
	at org.gradle.internal.resource.transport.http.HttpClientHelper.processResponse(HttpClientHelper.java:251)
	at org.gradle.internal.resource.transport.http.HttpClientHelper.performGet(HttpClientHelper.java:105)
	at org.gradle.internal.resource.transport.http.HttpResourceAccessor.openResource(HttpResourceAccessor.java:45)
	at org.gradle.internal.resource.transport.http.HttpResourceAccessor.openResource(HttpResourceAccessor.java:30)
	at org.gradle.internal.resource.transfer.AbstractExternalResourceAccessor.withContent(AbstractExternalResourceAccessor.java:32)
	at org.gradle.internal.resource.transfer.DefaultExternalResourceConnector.withContent(DefaultExternalResourceConnector.java:59)
	at org.gradle.internal.resource.transfer.ProgressLoggingExternalResourceAccessor$DownloadOperation.call(ProgressLoggingExternalResourceAccessor.java:123)
	at org.gradle.internal.operations.DefaultBuildOperationRunner$CallableBuildOperationWorker.execute(DefaultBuildOperationRunner.java:209)
	at org.gradle.internal.operations.DefaultBuildOperationRunner$CallableBuildOperationWorker.execute(DefaultBuildOperationRunner.java:204)
	at org.gradle.internal.operations.DefaultBuildOperationRunner$2.execute(DefaultBuildOperationRunner.java:66)
	at org.gradle.internal.operations.DefaultBuildOperationRunner$2.execute(DefaultBuildOperationRunner.java:59)
	at org.gradle.internal.operations.DefaultBuildOperationRunner.execute(DefaultBuildOperationRunner.java:166)
	at org.gradle.internal.operations.DefaultBuildOperationRunner.execute(DefaultBuildOperationRunner.java:59)
	at org.gradle.internal.operations.DefaultBuildOperationRunner.call(DefaultBuildOperationRunner.java:53)
	at org.gradle.internal.resource.transfer.ProgressLoggingExternalResourceAccessor.withContent(ProgressLoggingExternalResourceAccessor.java:46)
	at org.gradle.internal.resource.transfer.AccessorBackedExternalResource.withContentIfPresent(AccessorBackedExternalResource.java:103)
	at org.gradle.internal.resource.transfer.DefaultCacheAwareExternalResourceAccessor.copyToCache(DefaultCacheAwareExternalResourceAccessor.java:188)
	at org.gradle.internal.resource.transfer.DefaultCacheAwareExternalResourceAccessor.lambda$getResource$1(DefaultCacheAwareExternalResourceAccessor.java:86)
	at org.gradle.cache.internal.ProducerGuard$AdaptiveProducerGuard.guardByKey(ProducerGuard.java:97)
	at org.gradle.internal.resource.transfer.DefaultCacheAwareExternalResourceAccessor.getResource(DefaultCacheAwareExternalResourceAccessor.java:80)
	at org.gradle.api.internal.artifacts.repositories.resolver.DefaultExternalResourceArtifactResolver.downloadByCoords(DefaultExternalResourceArtifactResolver.java:149)
	... 38 more
Cause 7: org.gradle.api.internal.artifacts.transform.TransformException: Failed to transform kotlin-stdlib-1.9.24.jar (org.jetbrains.kotlin:kotlin-stdlib:1.9.24) to match attributes {artifactType=android-java-res, org.gradle.category=library, org.gradle.jvm.environment=standard-jvm, org.gradle.libraryelements=jar, org.gradle.status=release, org.gradle.usage=java-runtime, org.jetbrains.kotlin.platform.type=jvm}.
	at org.gradle.api.internal.artifacts.transform.TransformingAsyncArtifactListener$TransformedArtifact.lambda$visit$4(TransformingAsyncArtifactListener.java:243)
	at org.gradle.internal.Try$Failure.ifSuccessfulOrElse(Try.java:293)
	at org.gradle.api.internal.artifacts.transform.TransformingAsyncArtifactListener$TransformedArtifact.visit(TransformingAsyncArtifactListener.java:235)
	at org.gradle.api.internal.artifacts.ivyservice.resolveengine.artifact.ParallelResolveArtifactSet$VisitingSet$StartVisitAction.visitResults(ParallelResolveArtifactSet.java:100)
	at org.gradle.api.internal.artifacts.ivyservice.resolveengine.artifact.ParallelResolveArtifactSet$VisitingSet.visit(ParallelResolveArtifactSet.java:69)
	at org.gradle.api.internal.artifacts.ivyservice.resolveengine.artifact.ResolvedArtifactSetResolver$1.run(ResolvedArtifactSetResolver.java:65)
	at org.gradle.internal.operations.DefaultBuildOperationRunner$1.execute(DefaultBuildOperationRunner.java:29)
	at org.gradle.internal.operations.DefaultBuildOperationRunner$1.execute(DefaultBuildOperationRunner.java:26)
	at org.gradle.internal.operations.DefaultBuildOperationRunner$2.execute(DefaultBuildOperationRunner.java:66)
	at org.gradle.internal.operations.DefaultBuildOperationRunner$2.execute(DefaultBuildOperationRunner.java:59)
	at org.gradle.internal.operations.DefaultBuildOperationRunner.execute(DefaultBuildOperationRunner.java:166)
	at org.gradle.internal.operations.DefaultBuildOperationRunner.execute(DefaultBuildOperationRunner.java:59)
	at org.gradle.internal.operations.DefaultBuildOperationRunner.run(DefaultBuildOperationRunner.java:47)
	at org.gradle.api.internal.artifacts.ivyservice.resolveengine.artifact.ResolvedArtifactSetResolver.visitArtifacts(ResolvedArtifactSetResolver.java:62)
	at org.gradle.api.internal.artifacts.ivyservice.resolveengine.artifact.ResolvedArtifactSetResolver.lambda$visitInUnmanagedWorkerThread$0(ResolvedArtifactSetResolver.java:58)
	at org.gradle.internal.work.DefaultWorkerLeaseService.runAsUnmanagedWorkerThread(DefaultWorkerLeaseService.java:143)
	at org.gradle.api.internal.artifacts.ivyservice.resolveengine.artifact.ResolvedArtifactSetResolver.visitInUnmanagedWorkerThread(ResolvedArtifactSetResolver.java:58)
	at org.gradle.api.internal.artifacts.ivyservice.resolveengine.artifact.DefaultSelectedArtifactSet.visitArtifacts(DefaultSelectedArtifactSet.java:59)
	at org.gradle.api.internal.artifacts.ivyservice.resolveengine.artifact.SelectedArtifactSet.visitFiles(SelectedArtifactSet.java:34)
	at org.gradle.api.internal.artifacts.configurations.ResolutionBackedFileCollection.visitContents(ResolutionBackedFileCollection.java:73)
	at org.gradle.api.internal.file.AbstractFileCollection.visitStructure(AbstractFileCollection.java:360)
	at org.gradle.api.internal.file.CompositeFileCollection.lambda$visitContents$0(CompositeFileCollection.java:113)
	at org.gradle.api.internal.file.collections.UnpackingVisitor.add(UnpackingVisitor.java:67)
	at org.gradle.api.internal.file.collections.DefaultConfigurableFileCollection$UnresolvedItemsCollector.visitContents(DefaultConfigurableFileCollection.java:594)
	at org.gradle.api.internal.file.collections.DefaultConfigurableFileCollection.visitChildren(DefaultConfigurableFileCollection.java:416)
	at org.gradle.api.internal.file.CompositeFileCollection.visitContents(CompositeFileCollection.java:113)
	at org.gradle.api.internal.file.AbstractFileCollection.visitStructure(AbstractFileCollection.java:360)
	at org.gradle.api.internal.file.collections.DefaultConfigurableFileCollection.lambda$calculateFinalizedValue$1(DefaultConfigurableFileCollection.java:391)
	at org.gradle.api.internal.file.collections.UnpackingVisitor.add(UnpackingVisitor.java:67)
	at org.gradle.api.internal.file.collections.DefaultConfigurableFileCollection$UnresolvedItemsCollector.visitContents(DefaultConfigurableFileCollection.java:594)
	at org.gradle.api.internal.file.collections.DefaultConfigurableFileCollection.calculateFinalizedValue(DefaultConfigurableFileCollection.java:391)
	at org.gradle.api.internal.file.collections.DefaultConfigurableFileCollection.finalizeNow(DefaultConfigurableFileCollection.java:120)
	at org.gradle.api.internal.file.collections.DefaultConfigurableFileCollection.lambda$visitChildren$2(DefaultConfigurableFileCollection.java:415)
	at org.gradle.api.internal.provider.ValueState.finalizeOnReadIfNeeded(ValueState.java:139)
	at org.gradle.api.internal.file.collections.DefaultConfigurableFileCollection.visitChildren(DefaultConfigurableFileCollection.java:415)
	at org.gradle.api.internal.file.CompositeFileCollection.visitContents(CompositeFileCollection.java:113)
	at org.gradle.api.internal.file.AbstractFileCollection.visitStructure(AbstractFileCollection.java:360)
	at org.gradle.api.internal.file.CompositeFileCollection.lambda$visitContents$0(CompositeFileCollection.java:113)
	at org.gradle.api.internal.file.collections.UnpackingVisitor.add(UnpackingVisitor.java:67)
	at org.gradle.api.internal.file.collections.UnpackingVisitor.add(UnpackingVisitor.java:92)
	at org.gradle.api.internal.file.DefaultFileCollectionFactory$ResolvingFileCollection.visitChildren(DefaultFileCollectionFactory.java:306)
	at org.gradle.api.internal.file.CompositeFileCollection.visitContents(CompositeFileCollection.java:113)
	at org.gradle.api.internal.file.AbstractFileCollection.visitStructure(AbstractFileCollection.java:360)
	at org.gradle.api.internal.file.CompositeFileCollection.lambda$visitContents$0(CompositeFileCollection.java:113)
	at org.gradle.api.internal.tasks.PropertyFileCollection.visitChildren(PropertyFileCollection.java:48)
	at org.gradle.api.internal.file.CompositeFileCollection.visitContents(CompositeFileCollection.java:113)
	at org.gradle.api.internal.file.AbstractFileCollection.visitStructure(AbstractFileCollection.java:360)
	at org.gradle.internal.fingerprint.impl.DefaultFileCollectionSnapshotter.snapshot(DefaultFileCollectionSnapshotter.java:47)
	at org.gradle.internal.execution.impl.DefaultInputFingerprinter$InputCollectingVisitor.visitInputFileProperty(DefaultInputFingerprinter.java:133)
	at org.gradle.api.internal.tasks.execution.TaskExecution.visitRegularInputs(TaskExecution.java:324)
	at org.gradle.internal.execution.impl.DefaultInputFingerprinter.fingerprintInputProperties(DefaultInputFingerprinter.java:63)
	at org.gradle.internal.execution.steps.AbstractCaptureStateBeforeExecutionStep.captureExecutionStateWithOutputs(AbstractCaptureStateBeforeExecutionStep.java:109)
	at org.gradle.internal.execution.steps.AbstractCaptureStateBeforeExecutionStep.lambda$captureExecutionState$0(AbstractCaptureStateBeforeExecutionStep.java:74)
	at org.gradle.internal.execution.steps.BuildOperationStep$1.call(BuildOperationStep.java:37)
	at org.gradle.internal.operations.DefaultBuildOperationRunner$CallableBuildOperationWorker.execute(DefaultBuildOperationRunner.java:209)
	at org.gradle.internal.operations.DefaultBuildOperationRunner$CallableBuildOperationWorker.execute(DefaultBuildOperationRunner.java:204)
	at org.gradle.internal.operations.DefaultBuildOperationRunner$2.execute(DefaultBuildOperationRunner.java:66)
	at org.gradle.internal.operations.DefaultBuildOperationRunner$2.execute(DefaultBuildOperationRunner.java:59)
	at org.gradle.internal.operations.DefaultBuildOperationRunner.execute(DefaultBuildOperationRunner.java:166)
	at org.gradle.internal.operations.DefaultBuildOperationRunner.execute(DefaultBuildOperationRunner.java:59)
	at org.gradle.internal.operations.DefaultBuildOperationRunner.call(DefaultBuildOperationRunner.java:53)
	at org.gradle.internal.execution.steps.BuildOperationStep.operation(BuildOperationStep.java:34)
	at org.gradle.internal.execution.steps.AbstractCaptureStateBeforeExecutionStep.captureExecutionState(AbstractCaptureStateBeforeExecutionStep.java:69)
	at org.gradle.internal.execution.steps.AbstractCaptureStateBeforeExecutionStep.execute(AbstractCaptureStateBeforeExecutionStep.java:62)
	at org.gradle.internal.execution.steps.AbstractCaptureStateBeforeExecutionStep.execute(AbstractCaptureStateBeforeExecutionStep.java:43)
	at org.gradle.internal.execution.steps.AbstractSkipEmptyWorkStep.executeWithNonEmptySources(AbstractSkipEmptyWorkStep.java:125)
	at org.gradle.internal.execution.steps.AbstractSkipEmptyWorkStep.execute(AbstractSkipEmptyWorkStep.java:56)
	at org.gradle.internal.execution.steps.AbstractSkipEmptyWorkStep.execute(AbstractSkipEmptyWorkStep.java:36)
	at org.gradle.internal.execution.steps.legacy.MarkSnapshottingInputsStartedStep.execute(MarkSnapshottingInputsStartedStep.java:38)
	at org.gradle.internal.execution.steps.LoadPreviousExecutionStateStep.execute(LoadPreviousExecutionStateStep.java:36)
	at org.gradle.internal.execution.steps.LoadPreviousExecutionStateStep.execute(LoadPreviousExecutionStateStep.java:23)
	at org.gradle.internal.execution.steps.HandleStaleOutputsStep.execute(HandleStaleOutputsStep.java:75)
	at org.gradle.internal.execution.steps.HandleStaleOutputsStep.execute(HandleStaleOutputsStep.java:41)
	at org.gradle.internal.execution.steps.AssignMutableWorkspaceStep.lambda$execute$0(AssignMutableWorkspaceStep.java:35)
	at org.gradle.api.internal.tasks.execution.TaskExecution$4.withWorkspace(TaskExecution.java:289)
	at org.gradle.internal.execution.steps.AssignMutableWorkspaceStep.execute(AssignMutableWorkspaceStep.java:31)
	at org.gradle.internal.execution.steps.AssignMutableWorkspaceStep.execute(AssignMutableWorkspaceStep.java:22)
	at org.gradle.internal.execution.steps.ChoosePipelineStep.execute(ChoosePipelineStep.java:40)
	at org.gradle.internal.execution.steps.ChoosePipelineStep.execute(ChoosePipelineStep.java:23)
	at org.gradle.internal.execution.steps.ExecuteWorkBuildOperationFiringStep.lambda$execute$2(ExecuteWorkBuildOperationFiringStep.java:67)
	at java.base/java.util.Optional.orElseGet(Optional.java:364)
	at org.gradle.internal.execution.steps.ExecuteWorkBuildOperationFiringStep.execute(ExecuteWorkBuildOperationFiringStep.java:67)
	at org.gradle.internal.execution.steps.ExecuteWorkBuildOperationFiringStep.execute(ExecuteWorkBuildOperationFiringStep.java:39)
	at org.gradle.internal.execution.steps.IdentityCacheStep.execute(IdentityCacheStep.java:46)
	at org.gradle.internal.execution.steps.IdentityCacheStep.execute(IdentityCacheStep.java:34)
	at org.gradle.internal.execution.steps.IdentifyStep.execute(IdentifyStep.java:48)
	at org.gradle.internal.execution.steps.IdentifyStep.execute(IdentifyStep.java:35)
	at org.gradle.internal.execution.impl.DefaultExecutionEngine$1.execute(DefaultExecutionEngine.java:61)
	at org.gradle.api.internal.tasks.execution.ExecuteActionsTaskExecuter.executeIfValid(ExecuteActionsTaskExecuter.java:127)
	at org.gradle.api.internal.tasks.execution.ExecuteActionsTaskExecuter.execute(ExecuteActionsTaskExecuter.java:116)
	at org.gradle.api.internal.tasks.execution.FinalizePropertiesTaskExecuter.execute(FinalizePropertiesTaskExecuter.java:46)
	at org.gradle.api.internal.tasks.execution.ResolveTaskExecutionModeExecuter.execute(ResolveTaskExecutionModeExecuter.java:51)
	at org.gradle.api.internal.tasks.execution.SkipTaskWithNoActionsExecuter.execute(SkipTaskWithNoActionsExecuter.java:57)
	at org.gradle.api.internal.tasks.execution.SkipOnlyIfTaskExecuter.execute(SkipOnlyIfTaskExecuter.java:74)
	at org.gradle.api.internal.tasks.execution.CatchExceptionTaskExecuter.execute(CatchExceptionTaskExecuter.java:36)
	at org.gradle.api.internal.tasks.execution.EventFiringTaskExecuter$1.executeTask(EventFiringTaskExecuter.java:77)
	at org.gradle.api.internal.tasks.execution.EventFiringTaskExecuter$1.call(EventFiringTaskExecuter.java:55)
	at org.gradle.api.internal.tasks.execution.EventFiringTaskExecuter$1.call(EventFiringTaskExecuter.java:52)
	at org.gradle.internal.operations.DefaultBuildOperationRunner$CallableBuildOperationWorker.execute(DefaultBuildOperationRunner.java:209)
	at org.gradle.internal.operations.DefaultBuildOperationRunner$CallableBuildOperationWorker.execute(DefaultBuildOperationRunner.java:204)
	at org.gradle.internal.operations.DefaultBuildOperationRunner$2.execute(DefaultBuildOperationRunner.java:66)
	at org.gradle.internal.operations.DefaultBuildOperationRunner$2.execute(DefaultBuildOperationRunner.java:59)
	at org.gradle.internal.operations.DefaultBuildOperationRunner.execute(DefaultBuildOperationRunner.java:166)
	at org.gradle.internal.operations.DefaultBuildOperationRunner.execute(DefaultBuildOperationRunner.java:59)
	at org.gradle.internal.operations.DefaultBuildOperationRunner.call(DefaultBuildOperationRunner.java:53)
	at org.gradle.api.internal.tasks.execution.EventFiringTaskExecuter.execute(EventFiringTaskExecuter.java:52)
	at org.gradle.execution.plan.LocalTaskNodeExecutor.execute(LocalTaskNodeExecutor.java:42)
	at org.gradle.execution.taskgraph.DefaultTaskExecutionGraph$InvokeNodeExecutorsAction.execute(DefaultTaskExecutionGraph.java:331)
	at org.gradle.execution.taskgraph.DefaultTaskExecutionGraph$InvokeNodeExecutorsAction.execute(DefaultTaskExecutionGraph.java:318)
	at org.gradle.execution.taskgraph.DefaultTaskExecutionGraph$BuildOperationAwareExecutionAction.lambda$execute$0(DefaultTaskExecutionGraph.java:314)
	at org.gradle.internal.operations.CurrentBuildOperationRef.with(CurrentBuildOperationRef.java:85)
	at org.gradle.execution.taskgraph.DefaultTaskExecutionGraph$BuildOperationAwareExecutionAction.execute(DefaultTaskExecutionGraph.java:314)
	at org.gradle.execution.taskgraph.DefaultTaskExecutionGraph$BuildOperationAwareExecutionAction.execute(DefaultTaskExecutionGraph.java:303)
	at org.gradle.execution.plan.DefaultPlanExecutor$ExecutorWorker.execute(DefaultPlanExecutor.java:459)
	at org.gradle.execution.plan.DefaultPlanExecutor$ExecutorWorker.run(DefaultPlanExecutor.java:376)
	at org.gradle.internal.concurrent.ExecutorPolicy$CatchAndRecordFailures.onExecute(ExecutorPolicy.java:64)
	at org.gradle.internal.concurrent.AbstractManagedExecutor$1.run(AbstractManagedExecutor.java:48)
	at java.base/java.util.concurrent.ThreadPoolExecutor.runWorker(ThreadPoolExecutor.java:1136)
	at java.base/java.util.concurrent.ThreadPoolExecutor$Worker.run(ThreadPoolExecutor.java:635)
	at java.base/java.lang.Thread.run(Thread.java:840)
Caused by: org.gradle.internal.resolve.ArtifactResolveException: Could not download kotlin-stdlib-1.9.24.jar (org.jetbrains.kotlin:kotlin-stdlib:1.9.24)
	at org.gradle.api.internal.artifacts.repositories.resolver.ExternalResourceResolver$RemoteRepositoryAccess.resolveArtifact(ExternalResourceResolver.java:484)
	at org.gradle.api.internal.artifacts.ivyservice.ivyresolve.CachingModuleComponentRepository$ResolveAndCacheRepositoryAccess.resolveArtifact(CachingModuleComponentRepository.java:463)
	at org.gradle.api.internal.artifacts.ivyservice.ivyresolve.ErrorHandlingModuleComponentRepository$ErrorHandlingModuleComponentRepositoryAccess.lambda$resolveArtifact$12(ErrorHandlingModuleComponentRepository.java:169)
	at org.gradle.api.internal.artifacts.ivyservice.ivyresolve.ErrorHandlingModuleComponentRepository$ErrorHandlingModuleComponentRepositoryAccess.tryResolveAndMaybeDisable(ErrorHandlingModuleComponentRepository.java:236)
	at org.gradle.api.internal.artifacts.ivyservice.ivyresolve.ErrorHandlingModuleComponentRepository$ErrorHandlingModuleComponentRepositoryAccess.performOperationWithRetries(ErrorHandlingModuleComponentRepository.java:193)
	at org.gradle.api.internal.artifacts.ivyservice.ivyresolve.ErrorHandlingModuleComponentRepository$ErrorHandlingModuleComponentRepositoryAccess.resolveArtifact(ErrorHandlingModuleComponentRepository.java:167)
	at org.gradle.api.internal.artifacts.ivyservice.ivyresolve.RepositoryChainArtifactResolver.resolveArtifactLater(RepositoryChainArtifactResolver.java:75)
	at org.gradle.api.internal.artifacts.ivyservice.ivyresolve.RepositoryChainArtifactResolver.lambda$resolveArtifact$0(RepositoryChainArtifactResolver.java:63)
	at org.gradle.internal.model.CalculatedValueContainerFactory$SupplierBackedCalculator.calculateValue(CalculatedValueContainerFactory.java:78)
	at org.gradle.internal.model.CalculatedValueContainer$CalculationState.lambda$attachValue$0(CalculatedValueContainer.java:228)
	at org.gradle.internal.Try.ofFailable(Try.java:50)
	at org.gradle.internal.model.CalculatedValueContainer$CalculationState.attachValue(CalculatedValueContainer.java:223)
	at org.gradle.internal.model.CalculatedValueContainer.finalizeIfNotAlready(CalculatedValueContainer.java:194)
	at org.gradle.internal.model.CalculatedValueContainer.finalizeIfNotAlready(CalculatedValueContainer.java:185)
	at org.gradle.api.internal.artifacts.transform.TransformingAsyncArtifactListener$TransformedArtifact.finalizeValue(TransformingAsyncArtifactListener.java:193)
	at org.gradle.api.internal.artifacts.transform.TransformingAsyncArtifactListener$TransformedArtifact.run(TransformingAsyncArtifactListener.java:147)
	at org.gradle.internal.operations.DefaultBuildOperationRunner$2.execute(DefaultBuildOperationRunner.java:66)
	at org.gradle.internal.operations.DefaultBuildOperationRunner$2.execute(DefaultBuildOperationRunner.java:59)
	at org.gradle.internal.operations.DefaultBuildOperationRunner.execute(DefaultBuildOperationRunner.java:166)
	at org.gradle.internal.operations.DefaultBuildOperationRunner.execute(DefaultBuildOperationRunner.java:59)
	at org.gradle.internal.operations.DefaultBuildOperationExecutor$QueueWorker.execute(DefaultBuildOperationExecutor.java:161)
	at org.gradle.internal.operations.DefaultBuildOperationQueue$WorkerRunnable.runOperation(DefaultBuildOperationQueue.java:272)
	at org.gradle.internal.operations.DefaultBuildOperationQueue$WorkerRunnable.doRunBatch(DefaultBuildOperationQueue.java:253)
	at org.gradle.internal.operations.DefaultBuildOperationQueue$WorkerRunnable.lambda$runBatch$0(DefaultBuildOperationQueue.java:238)
	at org.gradle.internal.resources.AbstractResourceLockRegistry.whileDisallowingLockChanges(AbstractResourceLockRegistry.java:50)
	at org.gradle.internal.work.DefaultWorkerLeaseService.whileDisallowingProjectLockChanges(DefaultWorkerLeaseService.java:239)
	at org.gradle.internal.operations.DefaultBuildOperationQueue$WorkerRunnable.lambda$runBatch$1(DefaultBuildOperationQueue.java:238)
	at org.gradle.internal.work.DefaultWorkerLeaseService.withLocks(DefaultWorkerLeaseService.java:267)
	at org.gradle.internal.work.DefaultWorkerLeaseService.runAsWorkerThread(DefaultWorkerLeaseService.java:131)
	at org.gradle.internal.operations.DefaultBuildOperationQueue$WorkerRunnable.runBatch(DefaultBuildOperationQueue.java:224)
	at org.gradle.internal.operations.DefaultBuildOperationQueue$WorkerRunnable.run(DefaultBuildOperationQueue.java:192)
	... 5 more
Caused by: org.gradle.api.resources.ResourceException: Could not get resource 'https://repo.maven.apache.org/maven2/org/jetbrains/kotlin/kotlin-stdlib/1.9.24/kotlin-stdlib-1.9.24.jar'.
	at org.gradle.internal.resource.ResourceExceptions.failure(ResourceExceptions.java:74)
	at org.gradle.internal.resource.ResourceExceptions.getFailed(ResourceExceptions.java:57)
	at org.gradle.api.internal.artifacts.repositories.resolver.DefaultExternalResourceArtifactResolver.downloadByUrl(DefaultExternalResourceArtifactResolver.java:114)
	at org.gradle.api.internal.artifacts.repositories.resolver.DefaultExternalResourceArtifactResolver.downloadStaticResource(DefaultExternalResourceArtifactResolver.java:92)
	at org.gradle.api.internal.artifacts.repositories.resolver.DefaultExternalResourceArtifactResolver.resolveArtifact(DefaultExternalResourceArtifactResolver.java:62)
	at org.gradle.api.internal.artifacts.repositories.resolver.ExternalResourceResolver$RemoteRepositoryAccess.resolveArtifact(ExternalResourceResolver.java:477)
	... 35 more
Caused by: org.gradle.internal.resource.transport.http.HttpErrorStatusCodeException: Could not GET 'https://repo.maven.apache.org/maven2/org/jetbrains/kotlin/kotlin-stdlib/1.9.24/kotlin-stdlib-1.9.24.jar'. Received status code 429 from server: Too Many Requests
	at org.gradle.internal.resource.transport.http.HttpClientHelper.processResponse(HttpClientHelper.java:251)
	at org.gradle.internal.resource.transport.http.HttpClientHelper.performGet(HttpClientHelper.java:105)
	at org.gradle.internal.resource.transport.http.HttpResourceAccessor.openResource(HttpResourceAccessor.java:45)
	at org.gradle.internal.resource.transport.http.HttpResourceAccessor.openResource(HttpResourceAccessor.java:30)
	at org.gradle.internal.resource.transfer.AbstractExternalResourceAccessor.withContent(AbstractExternalResourceAccessor.java:32)
	at org.gradle.internal.resource.transfer.DefaultExternalResourceConnector.withContent(DefaultExternalResourceConnector.java:59)
	at org.gradle.internal.resource.transfer.ProgressLoggingExternalResourceAccessor$DownloadOperation.call(ProgressLoggingExternalResourceAccessor.java:123)
	at org.gradle.internal.operations.DefaultBuildOperationRunner$CallableBuildOperationWorker.execute(DefaultBuildOperationRunner.java:209)
	at org.gradle.internal.operations.DefaultBuildOperationRunner$CallableBuildOperationWorker.execute(DefaultBuildOperationRunner.java:204)
	at org.gradle.internal.operations.DefaultBuildOperationRunner$2.execute(DefaultBuildOperationRunner.java:66)
	at org.gradle.internal.operations.DefaultBuildOperationRunner$2.execute(DefaultBuildOperationRunner.java:59)
	at org.gradle.internal.operations.DefaultBuildOperationRunner.execute(DefaultBuildOperationRunner.java:166)
	at org.gradle.internal.operations.DefaultBuildOperationRunner.execute(DefaultBuildOperationRunner.java:59)
	at org.gradle.internal.operations.DefaultBuildOperationRunner.call(DefaultBuildOperationRunner.java:53)
	at org.gradle.internal.resource.transfer.ProgressLoggingExternalResourceAccessor.withContent(ProgressLoggingExternalResourceAccessor.java:46)
	at org.gradle.internal.resource.transfer.AccessorBackedExternalResource.withContentIfPresent(AccessorBackedExternalResource.java:103)
	at org.gradle.internal.resource.transfer.DefaultCacheAwareExternalResourceAccessor.copyToCache(DefaultCacheAwareExternalResourceAccessor.java:188)
	at org.gradle.internal.resource.transfer.DefaultCacheAwareExternalResourceAccessor.lambda$getResource$1(DefaultCacheAwareExternalResourceAccessor.java:86)
	at org.gradle.cache.internal.ProducerGuard$AdaptiveProducerGuard.guardByKey(ProducerGuard.java:97)
	at org.gradle.internal.resource.transfer.DefaultCacheAwareExternalResourceAccessor.getResource(DefaultCacheAwareExternalResourceAccessor.java:80)
	at org.gradle.api.internal.artifacts.repositories.resolver.DefaultExternalResourceArtifactResolver.downloadByUrl(DefaultExternalResourceArtifactResolver.java:109)
	... 38 more
Cause 8: org.gradle.api.internal.artifacts.transform.TransformException: Failed to transform listenablefuture-1.0.jar (com.google.guava:listenablefuture:1.0) to match attributes {artifactType=android-java-res, org.gradle.category=library, org.gradle.libraryelements=jar, org.gradle.status=release, org.gradle.usage=java-runtime}.
	at org.gradle.api.internal.artifacts.transform.TransformingAsyncArtifactListener$TransformedArtifact.lambda$visit$4(TransformingAsyncArtifactListener.java:243)
	at org.gradle.internal.Try$Failure.ifSuccessfulOrElse(Try.java:293)
	at org.gradle.api.internal.artifacts.transform.TransformingAsyncArtifactListener$TransformedArtifact.visit(TransformingAsyncArtifactListener.java:235)
	at org.gradle.api.internal.artifacts.ivyservice.resolveengine.artifact.ParallelResolveArtifactSet$VisitingSet$StartVisitAction.visitResults(ParallelResolveArtifactSet.java:100)
	at org.gradle.api.internal.artifacts.ivyservice.resolveengine.artifact.ParallelResolveArtifactSet$VisitingSet.visit(ParallelResolveArtifactSet.java:69)
	at org.gradle.api.internal.artifacts.ivyservice.resolveengine.artifact.ResolvedArtifactSetResolver$1.run(ResolvedArtifactSetResolver.java:65)
	at org.gradle.internal.operations.DefaultBuildOperationRunner$1.execute(DefaultBuildOperationRunner.java:29)
	at org.gradle.internal.operations.DefaultBuildOperationRunner$1.execute(DefaultBuildOperationRunner.java:26)
	at org.gradle.internal.operations.DefaultBuildOperationRunner$2.execute(DefaultBuildOperationRunner.java:66)
	at org.gradle.internal.operations.DefaultBuildOperationRunner$2.execute(DefaultBuildOperationRunner.java:59)
	at org.gradle.internal.operations.DefaultBuildOperationRunner.execute(DefaultBuildOperationRunner.java:166)
	at org.gradle.internal.operations.DefaultBuildOperationRunner.execute(DefaultBuildOperationRunner.java:59)
	at org.gradle.internal.operations.DefaultBuildOperationRunner.run(DefaultBuildOperationRunner.java:47)
	at org.gradle.api.internal.artifacts.ivyservice.resolveengine.artifact.ResolvedArtifactSetResolver.visitArtifacts(ResolvedArtifactSetResolver.java:62)
	at org.gradle.api.internal.artifacts.ivyservice.resolveengine.artifact.ResolvedArtifactSetResolver.lambda$visitInUnmanagedWorkerThread$0(ResolvedArtifactSetResolver.java:58)
	at org.gradle.internal.work.DefaultWorkerLeaseService.runAsUnmanagedWorkerThread(DefaultWorkerLeaseService.java:143)
	at org.gradle.api.internal.artifacts.ivyservice.resolveengine.artifact.ResolvedArtifactSetResolver.visitInUnmanagedWorkerThread(ResolvedArtifactSetResolver.java:58)
	at org.gradle.api.internal.artifacts.ivyservice.resolveengine.artifact.DefaultSelectedArtifactSet.visitArtifacts(DefaultSelectedArtifactSet.java:59)
	at org.gradle.api.internal.artifacts.ivyservice.resolveengine.artifact.SelectedArtifactSet.visitFiles(SelectedArtifactSet.java:34)
	at org.gradle.api.internal.artifacts.configurations.ResolutionBackedFileCollection.visitContents(ResolutionBackedFileCollection.java:73)
	at org.gradle.api.internal.file.AbstractFileCollection.visitStructure(AbstractFileCollection.java:360)
	at org.gradle.api.internal.file.CompositeFileCollection.lambda$visitContents$0(CompositeFileCollection.java:113)
	at org.gradle.api.internal.file.collections.UnpackingVisitor.add(UnpackingVisitor.java:67)
	at org.gradle.api.internal.file.collections.DefaultConfigurableFileCollection$UnresolvedItemsCollector.visitContents(DefaultConfigurableFileCollection.java:594)
	at org.gradle.api.internal.file.collections.DefaultConfigurableFileCollection.visitChildren(DefaultConfigurableFileCollection.java:416)
	at org.gradle.api.internal.file.CompositeFileCollection.visitContents(CompositeFileCollection.java:113)
	at org.gradle.api.internal.file.AbstractFileCollection.visitStructure(AbstractFileCollection.java:360)
	at org.gradle.api.internal.file.collections.DefaultConfigurableFileCollection.lambda$calculateFinalizedValue$1(DefaultConfigurableFileCollection.java:391)
	at org.gradle.api.internal.file.collections.UnpackingVisitor.add(UnpackingVisitor.java:67)
	at org.gradle.api.internal.file.collections.DefaultConfigurableFileCollection$UnresolvedItemsCollector.visitContents(DefaultConfigurableFileCollection.java:594)
	at org.gradle.api.internal.file.collections.DefaultConfigurableFileCollection.calculateFinalizedValue(DefaultConfigurableFileCollection.java:391)
	at org.gradle.api.internal.file.collections.DefaultConfigurableFileCollection.finalizeNow(DefaultConfigurableFileCollection.java:120)
	at org.gradle.api.internal.file.collections.DefaultConfigurableFileCollection.lambda$visitChildren$2(DefaultConfigurableFileCollection.java:415)
	at org.gradle.api.internal.provider.ValueState.finalizeOnReadIfNeeded(ValueState.java:139)
	at org.gradle.api.internal.file.collections.DefaultConfigurableFileCollection.visitChildren(DefaultConfigurableFileCollection.java:415)
	at org.gradle.api.internal.file.CompositeFileCollection.visitContents(CompositeFileCollection.java:113)
	at org.gradle.api.internal.file.AbstractFileCollection.visitStructure(AbstractFileCollection.java:360)
	at org.gradle.api.internal.file.CompositeFileCollection.lambda$visitContents$0(CompositeFileCollection.java:113)
	at org.gradle.api.internal.file.collections.UnpackingVisitor.add(UnpackingVisitor.java:67)
	at org.gradle.api.internal.file.collections.UnpackingVisitor.add(UnpackingVisitor.java:92)
	at org.gradle.api.internal.file.DefaultFileCollectionFactory$ResolvingFileCollection.visitChildren(DefaultFileCollectionFactory.java:306)
	at org.gradle.api.internal.file.CompositeFileCollection.visitContents(CompositeFileCollection.java:113)
	at org.gradle.api.internal.file.AbstractFileCollection.visitStructure(AbstractFileCollection.java:360)
	at org.gradle.api.internal.file.CompositeFileCollection.lambda$visitContents$0(CompositeFileCollection.java:113)
	at org.gradle.api.internal.tasks.PropertyFileCollection.visitChildren(PropertyFileCollection.java:48)
	at org.gradle.api.internal.file.CompositeFileCollection.visitContents(CompositeFileCollection.java:113)
	at org.gradle.api.internal.file.AbstractFileCollection.visitStructure(AbstractFileCollection.java:360)
	at org.gradle.internal.fingerprint.impl.DefaultFileCollectionSnapshotter.snapshot(DefaultFileCollectionSnapshotter.java:47)
	at org.gradle.internal.execution.impl.DefaultInputFingerprinter$InputCollectingVisitor.visitInputFileProperty(DefaultInputFingerprinter.java:133)
	at org.gradle.api.internal.tasks.execution.TaskExecution.visitRegularInputs(TaskExecution.java:324)
	at org.gradle.internal.execution.impl.DefaultInputFingerprinter.fingerprintInputProperties(DefaultInputFingerprinter.java:63)
	at org.gradle.internal.execution.steps.AbstractCaptureStateBeforeExecutionStep.captureExecutionStateWithOutputs(AbstractCaptureStateBeforeExecutionStep.java:109)
	at org.gradle.internal.execution.steps.AbstractCaptureStateBeforeExecutionStep.lambda$captureExecutionState$0(AbstractCaptureStateBeforeExecutionStep.java:74)
	at org.gradle.internal.execution.steps.BuildOperationStep$1.call(BuildOperationStep.java:37)
	at org.gradle.internal.operations.DefaultBuildOperationRunner$CallableBuildOperationWorker.execute(DefaultBuildOperationRunner.java:209)
	at org.gradle.internal.operations.DefaultBuildOperationRunner$CallableBuildOperationWorker.execute(DefaultBuildOperationRunner.java:204)
	at org.gradle.internal.operations.DefaultBuildOperationRunner$2.execute(DefaultBuildOperationRunner.java:66)
	at org.gradle.internal.operations.DefaultBuildOperationRunner$2.execute(DefaultBuildOperationRunner.java:59)
	at org.gradle.internal.operations.DefaultBuildOperationRunner.execute(DefaultBuildOperationRunner.java:166)
	at org.gradle.internal.operations.DefaultBuildOperationRunner.execute(DefaultBuildOperationRunner.java:59)
	at org.gradle.internal.operations.DefaultBuildOperationRunner.call(DefaultBuildOperationRunner.java:53)
	at org.gradle.internal.execution.steps.BuildOperationStep.operation(BuildOperationStep.java:34)
	at org.gradle.internal.execution.steps.AbstractCaptureStateBeforeExecutionStep.captureExecutionState(AbstractCaptureStateBeforeExecutionStep.java:69)
	at org.gradle.internal.execution.steps.AbstractCaptureStateBeforeExecutionStep.execute(AbstractCaptureStateBeforeExecutionStep.java:62)
	at org.gradle.internal.execution.steps.AbstractCaptureStateBeforeExecutionStep.execute(AbstractCaptureStateBeforeExecutionStep.java:43)
	at org.gradle.internal.execution.steps.AbstractSkipEmptyWorkStep.executeWithNonEmptySources(AbstractSkipEmptyWorkStep.java:125)
	at org.gradle.internal.execution.steps.AbstractSkipEmptyWorkStep.execute(AbstractSkipEmptyWorkStep.java:56)
	at org.gradle.internal.execution.steps.AbstractSkipEmptyWorkStep.execute(AbstractSkipEmptyWorkStep.java:36)
	at org.gradle.internal.execution.steps.legacy.MarkSnapshottingInputsStartedStep.execute(MarkSnapshottingInputsStartedStep.java:38)
	at org.gradle.internal.execution.steps.LoadPreviousExecutionStateStep.execute(LoadPreviousExecutionStateStep.java:36)
	at org.gradle.internal.execution.steps.LoadPreviousExecutionStateStep.execute(LoadPreviousExecutionStateStep.java:23)
	at org.gradle.internal.execution.steps.HandleStaleOutputsStep.execute(HandleStaleOutputsStep.java:75)
	at org.gradle.internal.execution.steps.HandleStaleOutputsStep.execute(HandleStaleOutputsStep.java:41)
	at org.gradle.internal.execution.steps.AssignMutableWorkspaceStep.lambda$execute$0(AssignMutableWorkspaceStep.java:35)
	at org.gradle.api.internal.tasks.execution.TaskExecution$4.withWorkspace(TaskExecution.java:289)
	at org.gradle.internal.execution.steps.AssignMutableWorkspaceStep.execute(AssignMutableWorkspaceStep.java:31)
	at org.gradle.internal.execution.steps.AssignMutableWorkspaceStep.execute(AssignMutableWorkspaceStep.java:22)
	at org.gradle.internal.execution.steps.ChoosePipelineStep.execute(ChoosePipelineStep.java:40)
	at org.gradle.internal.execution.steps.ChoosePipelineStep.execute(ChoosePipelineStep.java:23)
	at org.gradle.internal.execution.steps.ExecuteWorkBuildOperationFiringStep.lambda$execute$2(ExecuteWorkBuildOperationFiringStep.java:67)
	at java.base/java.util.Optional.orElseGet(Optional.java:364)
	at org.gradle.internal.execution.steps.ExecuteWorkBuildOperationFiringStep.execute(ExecuteWorkBuildOperationFiringStep.java:67)
	at org.gradle.internal.execution.steps.ExecuteWorkBuildOperationFiringStep.execute(ExecuteWorkBuildOperationFiringStep.java:39)
	at org.gradle.internal.execution.steps.IdentityCacheStep.execute(IdentityCacheStep.java:46)
	at org.gradle.internal.execution.steps.IdentityCacheStep.execute(IdentityCacheStep.java:34)
	at org.gradle.internal.execution.steps.IdentifyStep.execute(IdentifyStep.java:48)
	at org.gradle.internal.execution.steps.IdentifyStep.execute(IdentifyStep.java:35)
	at org.gradle.internal.execution.impl.DefaultExecutionEngine$1.execute(DefaultExecutionEngine.java:61)
	at org.gradle.api.internal.tasks.execution.ExecuteActionsTaskExecuter.executeIfValid(ExecuteActionsTaskExecuter.java:127)
	at org.gradle.api.internal.tasks.execution.ExecuteActionsTaskExecuter.execute(ExecuteActionsTaskExecuter.java:116)
	at org.gradle.api.internal.tasks.execution.FinalizePropertiesTaskExecuter.execute(FinalizePropertiesTaskExecuter.java:46)
	at org.gradle.api.internal.tasks.execution.ResolveTaskExecutionModeExecuter.execute(ResolveTaskExecutionModeExecuter.java:51)
	at org.gradle.api.internal.tasks.execution.SkipTaskWithNoActionsExecuter.execute(SkipTaskWithNoActionsExecuter.java:57)
	at org.gradle.api.internal.tasks.execution.SkipOnlyIfTaskExecuter.execute(SkipOnlyIfTaskExecuter.java:74)
	at org.gradle.api.internal.tasks.execution.CatchExceptionTaskExecuter.execute(CatchExceptionTaskExecuter.java:36)
	at org.gradle.api.internal.tasks.execution.EventFiringTaskExecuter$1.executeTask(EventFiringTaskExecuter.java:77)
	at org.gradle.api.internal.tasks.execution.EventFiringTaskExecuter$1.call(EventFiringTaskExecuter.java:55)
	at org.gradle.api.internal.tasks.execution.EventFiringTaskExecuter$1.call(EventFiringTaskExecuter.java:52)
	at org.gradle.internal.operations.DefaultBuildOperationRunner$CallableBuildOperationWorker.execute(DefaultBuildOperationRunner.java:209)
	at org.gradle.internal.operations.DefaultBuildOperationRunner$CallableBuildOperationWorker.execute(DefaultBuildOperationRunner.java:204)
	at org.gradle.internal.operations.DefaultBuildOperationRunner$2.execute(DefaultBuildOperationRunner.java:66)
	at org.gradle.internal.operations.DefaultBuildOperationRunner$2.execute(DefaultBuildOperationRunner.java:59)
	at org.gradle.internal.operations.DefaultBuildOperationRunner.execute(DefaultBuildOperationRunner.java:166)
	at org.gradle.internal.operations.DefaultBuildOperationRunner.execute(DefaultBuildOperationRunner.java:59)
	at org.gradle.internal.operations.DefaultBuildOperationRunner.call(DefaultBuildOperationRunner.java:53)
	at org.gradle.api.internal.tasks.execution.EventFiringTaskExecuter.execute(EventFiringTaskExecuter.java:52)
	at org.gradle.execution.plan.LocalTaskNodeExecutor.execute(LocalTaskNodeExecutor.java:42)
	at org.gradle.execution.taskgraph.DefaultTaskExecutionGraph$InvokeNodeExecutorsAction.execute(DefaultTaskExecutionGraph.java:331)
	at org.gradle.execution.taskgraph.DefaultTaskExecutionGraph$InvokeNodeExecutorsAction.execute(DefaultTaskExecutionGraph.java:318)
	at org.gradle.execution.taskgraph.DefaultTaskExecutionGraph$BuildOperationAwareExecutionAction.lambda$execute$0(DefaultTaskExecutionGraph.java:314)
	at org.gradle.internal.operations.CurrentBuildOperationRef.with(CurrentBuildOperationRef.java:85)
	at org.gradle.execution.taskgraph.DefaultTaskExecutionGraph$BuildOperationAwareExecutionAction.execute(DefaultTaskExecutionGraph.java:314)
	at org.gradle.execution.taskgraph.DefaultTaskExecutionGraph$BuildOperationAwareExecutionAction.execute(DefaultTaskExecutionGraph.java:303)
	at org.gradle.execution.plan.DefaultPlanExecutor$ExecutorWorker.execute(DefaultPlanExecutor.java:459)
	at org.gradle.execution.plan.DefaultPlanExecutor$ExecutorWorker.run(DefaultPlanExecutor.java:376)
	at org.gradle.internal.concurrent.ExecutorPolicy$CatchAndRecordFailures.onExecute(ExecutorPolicy.java:64)
	at org.gradle.internal.concurrent.AbstractManagedExecutor$1.run(AbstractManagedExecutor.java:48)
	at java.base/java.util.concurrent.ThreadPoolExecutor.runWorker(ThreadPoolExecutor.java:1136)
	at java.base/java.util.concurrent.ThreadPoolExecutor$Worker.run(ThreadPoolExecutor.java:635)
	at java.base/java.lang.Thread.run(Thread.java:840)
Caused by: org.gradle.internal.resolve.ArtifactResolveException: Could not download listenablefuture-1.0.jar (com.google.guava:listenablefuture:1.0)
	at org.gradle.api.internal.artifacts.repositories.resolver.ExternalResourceResolver$RemoteRepositoryAccess.resolveArtifact(ExternalResourceResolver.java:484)
	at org.gradle.api.internal.artifacts.ivyservice.ivyresolve.CachingModuleComponentRepository$ResolveAndCacheRepositoryAccess.resolveArtifact(CachingModuleComponentRepository.java:463)
	at org.gradle.api.internal.artifacts.ivyservice.ivyresolve.ErrorHandlingModuleComponentRepository$ErrorHandlingModuleComponentRepositoryAccess.lambda$resolveArtifact$12(ErrorHandlingModuleComponentRepository.java:169)
	at org.gradle.api.internal.artifacts.ivyservice.ivyresolve.ErrorHandlingModuleComponentRepository$ErrorHandlingModuleComponentRepositoryAccess.tryResolveAndMaybeDisable(ErrorHandlingModuleComponentRepository.java:236)
	at org.gradle.api.internal.artifacts.ivyservice.ivyresolve.ErrorHandlingModuleComponentRepository$ErrorHandlingModuleComponentRepositoryAccess.performOperationWithRetries(ErrorHandlingModuleComponentRepository.java:193)
	at org.gradle.api.internal.artifacts.ivyservice.ivyresolve.ErrorHandlingModuleComponentRepository$ErrorHandlingModuleComponentRepositoryAccess.resolveArtifact(ErrorHandlingModuleComponentRepository.java:167)
	at org.gradle.api.internal.artifacts.ivyservice.ivyresolve.RepositoryChainArtifactResolver.resolveArtifactLater(RepositoryChainArtifactResolver.java:75)
	at org.gradle.api.internal.artifacts.ivyservice.ivyresolve.RepositoryChainArtifactResolver.lambda$resolveArtifact$0(RepositoryChainArtifactResolver.java:63)
	at org.gradle.internal.model.CalculatedValueContainerFactory$SupplierBackedCalculator.calculateValue(CalculatedValueContainerFactory.java:78)
	at org.gradle.internal.model.CalculatedValueContainer$CalculationState.lambda$attachValue$0(CalculatedValueContainer.java:228)
	at org.gradle.internal.Try.ofFailable(Try.java:50)
	at org.gradle.internal.model.CalculatedValueContainer$CalculationState.attachValue(CalculatedValueContainer.java:223)
	at org.gradle.internal.model.CalculatedValueContainer.finalizeIfNotAlready(CalculatedValueContainer.java:194)
	at org.gradle.internal.model.CalculatedValueContainer.finalizeIfNotAlready(CalculatedValueContainer.java:185)
	at org.gradle.api.internal.artifacts.transform.TransformingAsyncArtifactListener$TransformedArtifact.finalizeValue(TransformingAsyncArtifactListener.java:193)
	at org.gradle.api.internal.artifacts.transform.TransformingAsyncArtifactListener$TransformedArtifact.run(TransformingAsyncArtifactListener.java:147)
	at org.gradle.internal.operations.DefaultBuildOperationRunner$2.execute(DefaultBuildOperationRunner.java:66)
	at org.gradle.internal.operations.DefaultBuildOperationRunner$2.execute(DefaultBuildOperationRunner.java:59)
	at org.gradle.internal.operations.DefaultBuildOperationRunner.execute(DefaultBuildOperationRunner.java:166)
	at org.gradle.internal.operations.DefaultBuildOperationRunner.execute(DefaultBuildOperationRunner.java:59)
	at org.gradle.internal.operations.DefaultBuildOperationExecutor$QueueWorker.execute(DefaultBuildOperationExecutor.java:161)
	at org.gradle.internal.operations.DefaultBuildOperationQueue$WorkerRunnable.runOperation(DefaultBuildOperationQueue.java:272)
	at org.gradle.internal.operations.DefaultBuildOperationQueue$WorkerRunnable.doRunBatch(DefaultBuildOperationQueue.java:253)
	at org.gradle.internal.operations.DefaultBuildOperationQueue$WorkerRunnable.lambda$runBatch$0(DefaultBuildOperationQueue.java:238)
	at org.gradle.internal.resources.AbstractResourceLockRegistry.whileDisallowingLockChanges(AbstractResourceLockRegistry.java:50)
	at org.gradle.internal.work.DefaultWorkerLeaseService.whileDisallowingProjectLockChanges(DefaultWorkerLeaseService.java:239)
	at org.gradle.internal.operations.DefaultBuildOperationQueue$WorkerRunnable.lambda$runBatch$1(DefaultBuildOperationQueue.java:238)
	at org.gradle.internal.work.DefaultWorkerLeaseService.runAsWorkerThread(DefaultWorkerLeaseService.java:129)
	at org.gradle.internal.operations.DefaultBuildOperationQueue$WorkerRunnable.runBatch(DefaultBuildOperationQueue.java:224)
	at org.gradle.internal.operations.DefaultBuildOperationQueue$WorkerRunnable.run(DefaultBuildOperationQueue.java:192)
	at org.gradle.internal.operations.DefaultBuildOperationQueue.waitForCompletion(DefaultBuildOperationQueue.java:105)
	at org.gradle.internal.operations.DefaultBuildOperationExecutor.executeInParallel(DefaultBuildOperationExecutor.java:106)
	at org.gradle.internal.operations.DefaultBuildOperationExecutor.runAll(DefaultBuildOperationExecutor.java:65)
	at org.gradle.api.internal.artifacts.ivyservice.resolveengine.artifact.ParallelResolveArtifactSet$VisitingSet.visit(ParallelResolveArtifactSet.java:66)
	... 115 more
Caused by: org.gradle.api.resources.ResourceException: Could not get resource 'https://repo.maven.apache.org/maven2/com/google/guava/listenablefuture/1.0/listenablefuture-1.0.jar'.
	at org.gradle.internal.resource.ResourceExceptions.failure(ResourceExceptions.java:74)
	at org.gradle.internal.resource.ResourceExceptions.getFailed(ResourceExceptions.java:57)
	at org.gradle.api.internal.artifacts.repositories.resolver.DefaultExternalResourceArtifactResolver.downloadByCoords(DefaultExternalResourceArtifactResolver.java:154)
	at org.gradle.api.internal.artifacts.repositories.resolver.DefaultExternalResourceArtifactResolver.downloadStaticResource(DefaultExternalResourceArtifactResolver.java:94)
	at org.gradle.api.internal.artifacts.repositories.resolver.DefaultExternalResourceArtifactResolver.resolveArtifact(DefaultExternalResourceArtifactResolver.java:62)
	at org.gradle.api.internal.artifacts.repositories.resolver.ExternalResourceResolver$RemoteRepositoryAccess.resolveArtifact(ExternalResourceResolver.java:477)
	... 148 more
Caused by: org.gradle.internal.resource.transport.http.HttpErrorStatusCodeException: Could not GET 'https://repo.maven.apache.org/maven2/com/google/guava/listenablefuture/1.0/listenablefuture-1.0.jar'. Received status code 429 from server: Too Many Requests
	at org.gradle.internal.resource.transport.http.HttpClientHelper.processResponse(HttpClientHelper.java:251)
	at org.gradle.internal.resource.transport.http.HttpClientHelper.performGet(HttpClientHelper.java:105)
	at org.gradle.internal.resource.transport.http.HttpResourceAccessor.openResource(HttpResourceAccessor.java:45)
	at org.gradle.internal.resource.transport.http.HttpResourceAccessor.openResource(HttpResourceAccessor.java:30)
	at org.gradle.internal.resource.transfer.AbstractExternalResourceAccessor.withContent(AbstractExternalResourceAccessor.java:32)
	at org.gradle.internal.resource.transfer.DefaultExternalResourceConnector.withContent(DefaultExternalResourceConnector.java:59)
	at org.gradle.internal.resource.transfer.ProgressLoggingExternalResourceAccessor$DownloadOperation.call(ProgressLoggingExternalResourceAccessor.java:123)
	at org.gradle.internal.operations.DefaultBuildOperationRunner$CallableBuildOperationWorker.execute(DefaultBuildOperationRunner.java:209)
	at org.gradle.internal.operations.DefaultBuildOperationRunner$CallableBuildOperationWorker.execute(DefaultBuildOperationRunner.java:204)
	at org.gradle.internal.operations.DefaultBuildOperationRunner$2.execute(DefaultBuildOperationRunner.java:66)
	at org.gradle.internal.operations.DefaultBuildOperationRunner$2.execute(DefaultBuildOperationRunner.java:59)
	at org.gradle.internal.operations.DefaultBuildOperationRunner.execute(DefaultBuildOperationRunner.java:166)
	at org.gradle.internal.operations.DefaultBuildOperationRunner.execute(DefaultBuildOperationRunner.java:59)
	at org.gradle.internal.operations.DefaultBuildOperationRunner.call(DefaultBuildOperationRunner.java:53)
	at org.gradle.internal.resource.transfer.ProgressLoggingExternalResourceAccessor.withContent(ProgressLoggingExternalResourceAccessor.java:46)
	at org.gradle.internal.resource.transfer.AccessorBackedExternalResource.withContentIfPresent(AccessorBackedExternalResource.java:103)
	at org.gradle.internal.resource.transfer.DefaultCacheAwareExternalResourceAccessor.copyToCache(DefaultCacheAwareExternalResourceAccessor.java:188)
	at org.gradle.internal.resource.transfer.DefaultCacheAwareExternalResourceAccessor.lambda$getResource$1(DefaultCacheAwareExternalResourceAccessor.java:86)
	at org.gradle.cache.internal.ProducerGuard$AdaptiveProducerGuard.guardByKey(ProducerGuard.java:97)
	at org.gradle.internal.resource.transfer.DefaultCacheAwareExternalResourceAccessor.getResource(DefaultCacheAwareExternalResourceAccessor.java:80)
	at org.gradle.api.internal.artifacts.repositories.resolver.DefaultExternalResourceArtifactResolver.downloadByCoords(DefaultExternalResourceArtifactResolver.java:149)
	... 151 more


BUILD FAILED in 26s
19 actionable tasks: 19 executed
